route_id,origin,destination,distance_nm,distance_source,distance_status,origin_coordinate_source,destination_coordinate_source,origin_coordinate_type,destination_coordinate_type,origin_endpoint_type,destination_endpoint_type,origin_latitude,origin_longitude,destination_latitude,destination_longitude,routing_engine,routing_network,units,append_orig_dest,algorithm,restrictions
BEI_DHA,Beira,Dhamra,4448.8238,SeaRoute/MARNET computed,computed_reference,02_DATA/raw/weather/open_meteo/locations.csv,UN/LOCODE / Dhamra Port reference coordinate,weather_sampling,maritime_reference,sampling_point,port,-19.81834,34.83555,20.816667,86.95,searoute,MARNET,nautical_miles,True,default,northwest
BEI_GAN,Beira,Gangavaram,4142.3116,SeaRoute/MARNET computed,computed_reference,02_DATA/raw/weather/open_meteo/locations.csv,UN/LOCODE / Gangavaram reference coordinate,weather_sampling,maritime_reference,sampling_point,port,-19.81834,34.83555,17.65,83.25,searoute,MARNET,nautical_miles,True,default,northwest
BEI_GOP,Beira,Gopalpur,4260.9987,SeaRoute/MARNET computed,computed_reference,02_DATA/raw/weather/open_meteo/locations.csv,Official Gopalpur Port coordinate,weather_sampling,official_port,sampling_point,port,-19.81834,34.83555,19.303611,84.964444,searoute,MARNET,nautical_miles,True,default,northwest
BEI_HAL,Beira,Haldia,4464.5673,SeaRoute/MARNET computed,computed_reference,02_DATA/raw/weather/open_meteo/locations.csv,Official SMPK Haldia reference coordinate,weather_sampling,official_port,sampling_point,port,-19.81834,34.83555,22.033333,88.083333,searoute,MARNET,nautical_miles,True,default,northwest
BEI_PAR,Beira,Paradip,4480.3711,SeaRoute/MARNET computed,computed_reference,02_DATA/raw/weather/open_meteo/locations.csv,UN/LOCODE / Paradip Port reference coordinate,weather_sampling,maritime_reference,sampling_point,port,-19.81834,34.83555,20.25,86.583333,searoute,MARNET,nautical_miles,True,default,northwest
BEI_VIZ,Beira,Visakhapatnam,4141.0865,SeaRoute/MARNET computed,computed_reference,02_DATA/raw/weather/open_meteo/locations.csv,UN/LOCODE / Visakhapatnam reference coordinate,weather_sampling,maritime_reference,sampling_point,port,-19.81834,34.83555,17.7,83.3,searoute,MARNET,nautical_miles,True,default,northwest
AUS_HAY_DHA,Hay Point,Dhamra,4961.5436,SeaRoute/MARNET computed,computed_reference,Queensland Maritime Safety Queensland Notice 350(T) of 2026 — Hay Point Channel,UN/LOCODE / Dhamra Port reference coordinate,official_maritime,maritime_reference,channel_entrance,port,-21.239963,149.30546,20.816667,86.95,searoute,MARNET,nautical_miles,True,default,northwest
AUS_HAY_GAN,Hay Point,Gangavaram,4937.5136,SeaRoute/MARNET computed,computed_reference,Queensland Maritime Safety Queensland Notice 350(T) of 2026 — Hay Point Channel,UN/LOCODE / Gangavaram reference coordinate,official_maritime,maritime_reference,channel_entrance,port,-21.239963,149.30546,17.65,83.25,searoute,MARNET,nautical_miles,True,default,northwest
AUS_HAY_GOP,Hay Point,Gopalpur,5056.2007,SeaRoute/MARNET computed,computed_reference,Queensland Maritime Safety Queensland Notice 350(T) of 2026 — Hay Point Channel,Official Gopalpur Port coordinate,official_maritime,official_port,channel_entrance,port,-21.239963,149.30546,19.303611,84.964444,searoute,MARNET,nautical_miles,True,default,northwest
HAY_HAL,Hay Point,Haldia,4977.2871,SeaRoute/MARNET computed,computed_reference,Queensland Maritime Safety Queensland Notice 350(T) of 2026 — Hay Point Channel,Official SMPK Haldia reference coordinate,official_maritime,official_port,channel_entrance,port,-21.239963,149.30546,22.033333,88.083333,searoute,MARNET,nautical_miles,True,default,northwest
AUS_HAY_PAR,Hay Point,Paradip,4993.0909,SeaRoute/MARNET computed,computed_reference,Queensland Maritime Safety Queensland Notice 350(T) of 2026 — Hay Point Channel,UN/LOCODE / Paradip Port reference coordinate,official_maritime,maritime_reference,channel_entrance,port,-21.239963,149.30546,20.25,86.583333,searoute,MARNET,nautical_miles,True,default,northwest
AUS_HAY_VIZ,Hay Point,Visakhapatnam,4936.2886,SeaRoute/MARNET computed,computed_reference,Queensland Maritime Safety Queensland Notice 350(T) of 2026 — Hay Point Channel,UN/LOCODE / Visakhapatnam reference coordinate,official_maritime,maritime_reference,channel_entrance,port,-21.239963,149.30546,17.7,83.3,searoute,MARNET,nautical_miles,True,default,northwest
MAP_DHA,Maputo,Dhamra,4665.1822,SeaRoute/MARNET computed,computed_reference,02_DATA/raw/weather/open_meteo/locations.csv,UN/LOCODE / Dhamra Port reference coordinate,weather_sampling,maritime_reference,sampling_point,port,-25.96034,32.54528,20.816667,86.95,searoute,MARNET,nautical_miles,True,default,northwest
MAP_GAN,Maputo,Gangavaram,4358.6699,SeaRoute/MARNET computed,computed_reference,02_DATA/raw/weather/open_meteo/locations.csv,UN/LOCODE / Gangavaram reference coordinate,weather_sampling,maritime_reference,sampling_point,port,-25.96034,32.54528,17.65,83.25,searoute,MARNET,nautical_miles,True,default,northwest
MAP_GOP,Maputo,Gopalpur,4477.357,SeaRoute/MARNET computed,computed_reference,02_DATA/raw/weather/open_meteo/locations.csv,Official Gopalpur Port coordinate,weather_sampling,official_port,sampling_point,port,-25.96034,32.54528,19.303611,84.964444,searoute,MARNET,nautical_miles,True,default,northwest
MAP_HAL,Maputo,Haldia,4680.9257,SeaRoute/MARNET computed,computed_reference,02_DATA/raw/weather/open_meteo/locations.csv,Official SMPK Haldia reference coordinate,weather_sampling,official_port,sampling_point,port,-25.96034,32.54528,22.033333,88.083333,searoute,MARNET,nautical_miles,True,default,northwest
MAP_PAR,Maputo,Paradip,4696.7295,SeaRoute/MARNET computed,computed_reference,02_DATA/raw/weather/open_meteo/locations.csv,UN/LOCODE / Paradip Port reference coordinate,weather_sampling,maritime_reference,sampling_point,port,-25.96034,32.54528,20.25,86.583333,searoute,MARNET,nautical_miles,True,default,northwest
MAP_VIZ,Maputo,Visakhapatnam,4357.4449,SeaRoute/MARNET computed,computed_reference,02_DATA/raw/weather/open_meteo/locations.csv,UN/LOCODE / Visakhapatnam reference coordinate,weather_sampling,maritime_reference,sampling_point,port,-25.96034,32.54528,17.7,83.3,searoute,MARNET,nautical_miles,True,default,northwest
AUS_NEW_DHA,Newcastle,Dhamra,5748.6933,SeaRoute/MARNET computed,computed_reference,Newcastle official Pilot Boarding Ground Alpha,UN/LOCODE / Dhamra Port reference coordinate,official_maritime,maritime_reference,pilot_boarding_ground,port,-32.96412,151.85635,20.816667,86.95,searoute,MARNET,nautical_miles,True,default,northwest
AUS_NEW_GAN,Newcastle,Gangavaram,5724.6633,SeaRoute/MARNET computed,computed_reference,Newcastle official Pilot Boarding Ground Alpha,UN/LOCODE / Gangavaram reference coordinate,official_maritime,maritime_reference,pilot_boarding_ground,port,-32.96412,151.85635,17.65,83.25,searoute,MARNET,nautical_miles,True,default,northwest
AUS_NEW_GOP,Newcastle,Gopalpur,5843.3504,SeaRoute/MARNET computed,computed_reference,Newcastle official Pilot Boarding Ground Alpha,Official Gopalpur Port coordinate,official_maritime,official_port,pilot_boarding_ground,port,-32.96412,151.85635,19.303611,84.964444,searoute,MARNET,nautical_miles,True,default,northwest
NEW_HAL,Newcastle,Haldia,5764.4368,SeaRoute/MARNET computed,computed_reference,Newcastle official Pilot Boarding Ground Alpha,Official SMPK Haldia reference coordinate,official_maritime,official_port,pilot_boarding_ground,port,-32.96412,151.85635,22.033333,88.083333,searoute,MARNET,nautical_miles,True,default,northwest
AUS_NEW_PAR,Newcastle,Paradip,5780.2406,SeaRoute/MARNET computed,computed_reference,Newcastle official Pilot Boarding Ground Alpha,UN/LOCODE / Paradip Port reference coordinate,official_maritime,maritime_reference,pilot_boarding_ground,port,-32.96412,151.85635,20.25,86.583333,searoute,MARNET,nautical_miles,True,default,northwest
AUS_NEW_VIZ,Newcastle,Visakhapatnam,5723.4383,SeaRoute/MARNET computed,computed_reference,Newcastle official Pilot Boarding Ground Alpha,UN/LOCODE / Visakhapatnam reference coordinate,official_maritime,maritime_reference,pilot_boarding_ground,port,-32.96412,151.85635,17.7,83.3,searoute,MARNET,nautical_miles,True,default,northwest
RB_DHA,Richards Bay,Dhamra,4778.378,SeaRoute/MARNET computed,computed_reference,02_DATA/raw/weather/open_meteo/locations.csv,UN/LOCODE / Dhamra Port reference coordinate,weather_sampling,maritime_reference,sampling_point,port,-28.78301,32.03767,20.816667,86.95,searoute,MARNET,nautical_miles,True,default,northwest
RB_GAN,Richards Bay,Gangavaram,4471.8658,SeaRoute/MARNET computed,computed_reference,02_DATA/raw/weather/open_meteo/locations.csv,UN/LOCODE / Gangavaram reference coordinate,weather_sampling,maritime_reference,sampling_point,port,-28.78301,32.03767,17.65,83.25,searoute,MARNET,nautical_miles,True,default,northwest
RB_GOP,Richards Bay,Gopalpur,4590.5529,SeaRoute/MARNET computed,computed_reference,02_DATA/raw/weather/open_meteo/locations.csv,Official Gopalpur Port coordinate,weather_sampling,official_port,sampling_point,port,-28.78301,32.03767,19.303611,84.964444,searoute,MARNET,nautical_miles,True,default,northwest
RB_HAL,Richards Bay,Haldia,4794.1215,SeaRoute/MARNET computed,computed_reference,02_DATA/raw/weather/open_meteo/locations.csv,Official SMPK Haldia reference coordinate,weather_sampling,official_port,sampling_point,port,-28.78301,32.03767,22.033333,88.083333,searoute,MARNET,nautical_miles,True,default,northwest
RB_PAR,Richards Bay,Paradip,4809.9253,SeaRoute/MARNET computed,computed_reference,02_DATA/raw/weather/open_meteo/locations.csv,UN/LOCODE / Paradip Port reference coordinate,weather_sampling,maritime_reference,sampling_point,port,-28.78301,32.03767,20.25,86.583333,searoute,MARNET,nautical_miles,True,default,northwest
RB_VIZ,Richards Bay,Visakhapatnam,4470.6407,SeaRoute/MARNET computed,computed_reference,02_DATA/raw/weather/open_meteo/locations.csv,UN/LOCODE / Visakhapatnam reference coordinate,weather_sampling,maritime_reference,sampling_point,port,-28.78301,32.03767,17.7,83.3,searoute,MARNET,nautical_miles,True,default,northwest
SAM_DHA,Samarinda,Dhamra,2782.0724,SeaRoute/MARNET computed,computed_reference,02_DATA/raw/weather/open_meteo/locations.csv,UN/LOCODE / Dhamra Port reference coordinate,weather_sampling,maritime_reference,sampling_point,port,-0.50211,117.15371,20.816667,86.95,searoute,MARNET,nautical_miles,True,default,northwest
SAM_GAN,Samarinda,Gangavaram,2758.0424,SeaRoute/MARNET computed,computed_reference,02_DATA/raw/weather/open_meteo/locations.csv,UN/LOCODE / Gangavaram reference coordinate,weather_sampling,maritime_reference,sampling_point,port,-0.50211,117.15371,17.65,83.25,searoute,MARNET,nautical_miles,True,default,northwest
SAM_GOP,Samarinda,Gopalpur,2876.7295,SeaRoute/MARNET computed,computed_reference,02_DATA/raw/weather/open_meteo/locations.csv,Official Gopalpur Port coordinate,weather_sampling,official_port,sampling_point,port,-0.50211,117.15371,19.303611,84.964444,searoute,MARNET,nautical_miles,True,default,northwest
SAM_HAL,Samarinda,Haldia,2797.8159,SeaRoute/MARNET computed,computed_reference,02_DATA/raw/weather/open_meteo/locations.csv,Official SMPK Haldia reference coordinate,weather_sampling,official_port,sampling_point,port,-0.50211,117.15371,22.033333,88.083333,searoute,MARNET,nautical_miles,True,default,northwest
SAM_PAR,Samarinda,Paradip,2813.6197,SeaRoute/MARNET computed,computed_reference,02_DATA/raw/weather/open_meteo/locations.csv,UN/LOCODE / Paradip Port reference coordinate,weather_sampling,maritime_reference,sampling_point,port,-0.50211,117.15371,20.25,86.583333,searoute,MARNET,nautical_miles,True,default,northwest
SAM_VIZ,Samarinda,Visakhapatnam,2756.8174,SeaRoute/MARNET computed,computed_reference,02_DATA/raw/weather/open_meteo/locations.csv,UN/LOCODE / Visakhapatnam reference coordinate,weather_sampling,maritime_reference,sampling_point,port,-0.50211,117.15371,17.7,83.3,searoute,MARNET,nautical_miles,True,default,northwest
TAM_DHA,Taman,Dhamra,5894.7164,SeaRoute/MARNET computed,computed_reference,02_DATA/raw/weather/open_meteo/locations.csv,UN/LOCODE / Dhamra Port reference coordinate,weather_sampling,maritime_reference,sampling_point,port,45.125,36.68306,20.816667,86.95,searoute,MARNET,nautical_miles,True,default,northwest
TAM_GAN,Taman,Gangavaram,5588.2042,SeaRoute/MARNET computed,computed_reference,02_DATA/raw/weather/open_meteo/locations.csv,UN/LOCODE / Gangavaram reference coordinate,weather_sampling,maritime_reference,sampling_point,port,45.125,36.68306,17.65,83.25,searoute,MARNET,nautical_miles,True,default,northwest
TAM_GOP,Taman,Gopalpur,5706.8913,SeaRoute/MARNET computed,computed_reference,02_DATA/raw/weather/open_meteo/locations.csv,Official Gopalpur Port coordinate,weather_sampling,official_port,sampling_point,port,45.125,36.68306,19.303611,84.964444,searoute,MARNET,nautical_miles,True,default,northwest
TAM_HAL,Taman,Haldia,5910.46,SeaRoute/MARNET computed,computed_reference,02_DATA/raw/weather/open_meteo/locations.csv,Official SMPK Haldia reference coordinate,weather_sampling,official_port,sampling_point,port,45.125,36.68306,22.033333,88.083333,searoute,MARNET,nautical_miles,True,default,northwest
TAM_PAR,Taman,Paradip,5926.2638,SeaRoute/MARNET computed,computed_reference,02_DATA/raw/weather/open_meteo/locations.csv,UN/LOCODE / Paradip Port reference coordinate,weather_sampling,maritime_reference,sampling_point,port,45.125,36.68306,20.25,86.583333,searoute,MARNET,nautical_miles,True,default,northwest
TAM_VIZ,Taman,Visakhapatnam,5586.9792,SeaRoute/MARNET computed,computed_reference,02_DATA/raw/weather/open_meteo/locations.csv,UN/LOCODE / Visakhapatnam reference coordinate,weather_sampling,maritime_reference,sampling_point,port,45.125,36.68306,17.7,83.3,searoute,MARNET,nautical_miles,True,default,northwest
VOS_DHA,Vostochny,Dhamra,4699.8681,SeaRoute/MARNET computed,computed_reference,02_DATA/raw/weather/open_meteo/locations.csv,UN/LOCODE / Dhamra Port reference coordinate,weather_sampling,maritime_reference,sampling_point,port,42.7415,133.07981,20.816667,86.95,searoute,MARNET,nautical_miles,True,default,northwest
VOS_GAN,Vostochny,Gangavaram,4675.8381,SeaRoute/MARNET computed,computed_reference,02_DATA/raw/weather/open_meteo/locations.csv,UN/LOCODE / Gangavaram reference coordinate,weather_sampling,maritime_reference,sampling_point,port,42.7415,133.07981,17.65,83.25,searoute,MARNET,nautical_miles,True,default,northwest
VOS_GOP,Vostochny,Gopalpur,4794.5253,SeaRoute/MARNET computed,computed_reference,02_DATA/raw/weather/open_meteo/locations.csv,Official Gopalpur Port coordinate,weather_sampling,official_port,sampling_point,port,42.7415,133.07981,19.303611,84.964444,searoute,MARNET,nautical_miles,True,default,northwest
VOS_HAL,Vostochny,Haldia,4715.6116,SeaRoute/MARNET computed,computed_reference,02_DATA/raw/weather/open_meteo/locations.csv,Official SMPK Haldia reference coordinate,weather_sampling,official_port,sampling_point,port,42.7415,133.07981,22.033333,88.083333,searoute,MARNET,nautical_miles,True,default,northwest
VOS_PAR,Vostochny,Paradip,4731.4154,SeaRoute/MARNET computed,computed_reference,02_DATA/raw/weather/open_meteo/locations.csv,UN/LOCODE / Paradip Port reference coordinate,weather_sampling,maritime_reference,sampling_point,port,42.7415,133.07981,20.25,86.583333,searoute,MARNET,nautical_miles,True,default,northwest
VOS_VIZ,Vostochny,Visakhapatnam,4674.6131,SeaRoute/MARNET computed,computed_reference,02_DATA/raw/weather/open_meteo/locations.csv,UN/LOCODE / Visakhapatnam reference coordinate,weather_sampling,maritime_reference,sampling_point,port,42.7415,133.07981,17.7,83.3,searoute,MARNET,nautical_miles,True,default,northwest
