route_id,origin,destination,distance_nm,duration_hours,distance_source,distance_status,origin_coordinate_source,destination_coordinate_source,origin_coordinate_type,destination_coordinate_type,origin_endpoint_type,destination_endpoint_type,origin_latitude,origin_longitude,destination_latitude,destination_longitude,routing_engine,routing_network,units,append_orig_dest,algorithm,restrictions
Newcastle__Paradip,Newcastle,Paradip,5780.2406,240.8434,SeaRoute/MARNET computed,computed_reference,Newcastle official Pilot Boarding Ground Alpha,UN/LOCODE / Paradip Port reference coordinate,official_maritime,maritime_reference,pilot_boarding_ground,port,-32.96412,151.85635,20.25,86.583333,searoute,MARNET,nautical_miles,True,default,northwest
Newcastle__Dhamra,Newcastle,Dhamra,5748.6933,239.5289,SeaRoute/MARNET computed,computed_reference,Newcastle official Pilot Boarding Ground Alpha,UN/LOCODE / Dhamra Port reference coordinate,official_maritime,maritime_reference,pilot_boarding_ground,port,-32.96412,151.85635,20.816667,86.95,searoute,MARNET,nautical_miles,True,default,northwest
Newcastle__Gopalpur,Newcastle,Gopalpur,5843.3504,243.4729,SeaRoute/MARNET computed,computed_reference,Newcastle official Pilot Boarding Ground Alpha,Official Gopalpur Port coordinate,official_maritime,official_port,pilot_boarding_ground,port,-32.96412,151.85635,19.303611,84.964444,searoute,MARNET,nautical_miles,True,default,northwest
Newcastle__Visakhapatnam,Newcastle,Visakhapatnam,5723.4383,238.4766,SeaRoute/MARNET computed,computed_reference,Newcastle official Pilot Boarding Ground Alpha,UN/LOCODE / Visakhapatnam reference coordinate,official_maritime,maritime_reference,pilot_boarding_ground,port,-32.96412,151.85635,17.7,83.3,searoute,MARNET,nautical_miles,True,default,northwest
Newcastle__Gangavaram,Newcastle,Gangavaram,5724.6633,238.5276,SeaRoute/MARNET computed,computed_reference,Newcastle official Pilot Boarding Ground Alpha,UN/LOCODE / Gangavaram reference coordinate,official_maritime,maritime_reference,pilot_boarding_ground,port,-32.96412,151.85635,17.65,83.25,searoute,MARNET,nautical_miles,True,default,northwest
Newcastle__Haldia,Newcastle,Haldia,5764.4368,240.1849,SeaRoute/MARNET computed,computed_reference,Newcastle official Pilot Boarding Ground Alpha,Official SMPK Haldia reference coordinate,official_maritime,official_port,pilot_boarding_ground,port,-32.96412,151.85635,22.033333,88.083333,searoute,MARNET,nautical_miles,True,default,northwest
Hay Point__Paradip,Hay Point,Paradip,4993.0909,208.0455,SeaRoute/MARNET computed,computed_reference,Queensland Maritime Safety Queensland Notice 350(T) of 2026 — Hay Point Channel,UN/LOCODE / Paradip Port reference coordinate,official_maritime,maritime_reference,channel_entrance,port,-21.239963,149.30546,20.25,86.583333,searoute,MARNET,nautical_miles,True,default,northwest
Hay Point__Dhamra,Hay Point,Dhamra,4961.5436,206.731,SeaRoute/MARNET computed,computed_reference,Queensland Maritime Safety Queensland Notice 350(T) of 2026 — Hay Point Channel,UN/LOCODE / Dhamra Port reference coordinate,official_maritime,maritime_reference,channel_entrance,port,-21.239963,149.30546,20.816667,86.95,searoute,MARNET,nautical_miles,True,default,northwest
Hay Point__Gopalpur,Hay Point,Gopalpur,5056.2007,210.675,SeaRoute/MARNET computed,computed_reference,Queensland Maritime Safety Queensland Notice 350(T) of 2026 — Hay Point Channel,Official Gopalpur Port coordinate,official_maritime,official_port,channel_entrance,port,-21.239963,149.30546,19.303611,84.964444,searoute,MARNET,nautical_miles,True,default,northwest
Hay Point__Visakhapatnam,Hay Point,Visakhapatnam,4936.2886,205.6787,SeaRoute/MARNET computed,computed_reference,Queensland Maritime Safety Queensland Notice 350(T) of 2026 — Hay Point Channel,UN/LOCODE / Visakhapatnam reference coordinate,official_maritime,maritime_reference,channel_entrance,port,-21.239963,149.30546,17.7,83.3,searoute,MARNET,nautical_miles,True,default,northwest
Hay Point__Gangavaram,Hay Point,Gangavaram,4937.5136,205.7297,SeaRoute/MARNET computed,computed_reference,Queensland Maritime Safety Queensland Notice 350(T) of 2026 — Hay Point Channel,UN/LOCODE / Gangavaram reference coordinate,official_maritime,maritime_reference,channel_entrance,port,-21.239963,149.30546,17.65,83.25,searoute,MARNET,nautical_miles,True,default,northwest
Hay Point__Haldia,Hay Point,Haldia,4977.2871,207.387,SeaRoute/MARNET computed,computed_reference,Queensland Maritime Safety Queensland Notice 350(T) of 2026 — Hay Point Channel,Official SMPK Haldia reference coordinate,official_maritime,official_port,channel_entrance,port,-21.239963,149.30546,22.033333,88.083333,searoute,MARNET,nautical_miles,True,default,northwest
Beira__Paradip,Beira,Paradip,4480.3711,186.6821,SeaRoute/MARNET computed,computed_reference,Port reference coordinate,UN/LOCODE / Paradip Port reference coordinate,master_registry_reference,maritime_reference,port,port,-19.81834,34.83555,20.25,86.583333,searoute,MARNET,nautical_miles,True,default,northwest
Beira__Dhamra,Beira,Dhamra,4448.8238,185.3677,SeaRoute/MARNET computed,computed_reference,Port reference coordinate,UN/LOCODE / Dhamra Port reference coordinate,master_registry_reference,maritime_reference,port,port,-19.81834,34.83555,20.816667,86.95,searoute,MARNET,nautical_miles,True,default,northwest
Beira__Gopalpur,Beira,Gopalpur,4260.9987,177.5416,SeaRoute/MARNET computed,computed_reference,Port reference coordinate,Official Gopalpur Port coordinate,master_registry_reference,official_port,port,port,-19.81834,34.83555,19.303611,84.964444,searoute,MARNET,nautical_miles,True,default,northwest
Beira__Visakhapatnam,Beira,Visakhapatnam,4141.0865,172.5453,SeaRoute/MARNET computed,computed_reference,Port reference coordinate,UN/LOCODE / Visakhapatnam reference coordinate,master_registry_reference,maritime_reference,port,port,-19.81834,34.83555,17.7,83.3,searoute,MARNET,nautical_miles,True,default,northwest
Beira__Gangavaram,Beira,Gangavaram,4142.3116,172.5963,SeaRoute/MARNET computed,computed_reference,Port reference coordinate,UN/LOCODE / Gangavaram reference coordinate,master_registry_reference,maritime_reference,port,port,-19.81834,34.83555,17.65,83.25,searoute,MARNET,nautical_miles,True,default,northwest
Beira__Haldia,Beira,Haldia,4464.5673,186.0236,SeaRoute/MARNET computed,computed_reference,Port reference coordinate,Official SMPK Haldia reference coordinate,master_registry_reference,official_port,port,port,-19.81834,34.83555,22.033333,88.083333,searoute,MARNET,nautical_miles,True,default,northwest
Maputo__Paradip,Maputo,Paradip,4696.7295,195.6971,SeaRoute/MARNET computed,computed_reference,Port reference coordinate,UN/LOCODE / Paradip Port reference coordinate,master_registry_reference,maritime_reference,port,port,-25.96034,32.54528,20.25,86.583333,searoute,MARNET,nautical_miles,True,default,northwest
Maputo__Dhamra,Maputo,Dhamra,4665.1822,194.3826,SeaRoute/MARNET computed,computed_reference,Port reference coordinate,UN/LOCODE / Dhamra Port reference coordinate,master_registry_reference,maritime_reference,port,port,-25.96034,32.54528,20.816667,86.95,searoute,MARNET,nautical_miles,True,default,northwest
Maputo__Gopalpur,Maputo,Gopalpur,4477.357,186.5565,SeaRoute/MARNET computed,computed_reference,Port reference coordinate,Official Gopalpur Port coordinate,master_registry_reference,official_port,port,port,-25.96034,32.54528,19.303611,84.964444,searoute,MARNET,nautical_miles,True,default,northwest
Maputo__Visakhapatnam,Maputo,Visakhapatnam,4357.4449,181.5602,SeaRoute/MARNET computed,computed_reference,Port reference coordinate,UN/LOCODE / Visakhapatnam reference coordinate,master_registry_reference,maritime_reference,port,port,-25.96034,32.54528,17.7,83.3,searoute,MARNET,nautical_miles,True,default,northwest
Maputo__Gangavaram,Maputo,Gangavaram,4358.6699,181.6112,SeaRoute/MARNET computed,computed_reference,Port reference coordinate,UN/LOCODE / Gangavaram reference coordinate,master_registry_reference,maritime_reference,port,port,-25.96034,32.54528,17.65,83.25,searoute,MARNET,nautical_miles,True,default,northwest
Maputo__Haldia,Maputo,Haldia,4680.9257,195.0386,SeaRoute/MARNET computed,computed_reference,Port reference coordinate,Official SMPK Haldia reference coordinate,master_registry_reference,official_port,port,port,-25.96034,32.54528,22.033333,88.083333,searoute,MARNET,nautical_miles,True,default,northwest
Vostochny__Paradip,Vostochny,Paradip,4731.4012,197.1417,SeaRoute/MARNET computed,computed_reference,Port reference coordinate,UN/LOCODE / Paradip Port reference coordinate,master_registry_reference,maritime_reference,port,port,42.75278,133.08167,20.25,86.583333,searoute,MARNET,nautical_miles,True,default,northwest
Vostochny__Dhamra,Vostochny,Dhamra,4699.8538,195.8272,SeaRoute/MARNET computed,computed_reference,Port reference coordinate,UN/LOCODE / Dhamra Port reference coordinate,master_registry_reference,maritime_reference,port,port,42.75278,133.08167,20.816667,86.95,searoute,MARNET,nautical_miles,True,default,northwest
Vostochny__Gopalpur,Vostochny,Gopalpur,4794.511,199.7713,SeaRoute/MARNET computed,computed_reference,Port reference coordinate,Official Gopalpur Port coordinate,master_registry_reference,official_port,port,port,42.75278,133.08167,19.303611,84.964444,searoute,MARNET,nautical_miles,True,default,northwest
Vostochny__Visakhapatnam,Vostochny,Visakhapatnam,4674.5989,194.775,SeaRoute/MARNET computed,computed_reference,Port reference coordinate,UN/LOCODE / Visakhapatnam reference coordinate,master_registry_reference,maritime_reference,port,port,42.75278,133.08167,17.7,83.3,searoute,MARNET,nautical_miles,True,default,northwest
Vostochny__Gangavaram,Vostochny,Gangavaram,4675.8239,194.826,SeaRoute/MARNET computed,computed_reference,Port reference coordinate,UN/LOCODE / Gangavaram reference coordinate,master_registry_reference,maritime_reference,port,port,42.75278,133.08167,17.65,83.25,searoute,MARNET,nautical_miles,True,default,northwest
Vostochny__Haldia,Vostochny,Haldia,4715.5974,196.4832,SeaRoute/MARNET computed,computed_reference,Port reference coordinate,Official SMPK Haldia reference coordinate,master_registry_reference,official_port,port,port,42.75278,133.08167,22.033333,88.083333,searoute,MARNET,nautical_miles,True,default,northwest
Taman__Paradip,Taman,Paradip,5973.8825,248.9118,SeaRoute/MARNET computed,computed_reference,Port reference coordinate,UN/LOCODE / Paradip Port reference coordinate,master_registry_reference,maritime_reference,port,port,45.30444,36.73361,20.25,86.583333,searoute,MARNET,nautical_miles,True,default,northwest
Taman__Dhamra,Taman,Dhamra,5942.3351,247.5973,SeaRoute/MARNET computed,computed_reference,Port reference coordinate,UN/LOCODE / Dhamra Port reference coordinate,master_registry_reference,maritime_reference,port,port,45.30444,36.73361,20.816667,86.95,searoute,MARNET,nautical_miles,True,default,northwest
Taman__Gopalpur,Taman,Gopalpur,5754.51,239.7713,SeaRoute/MARNET computed,computed_reference,Port reference coordinate,Official Gopalpur Port coordinate,master_registry_reference,official_port,port,port,45.30444,36.73361,19.303611,84.964444,searoute,MARNET,nautical_miles,True,default,northwest
Taman__Visakhapatnam,Taman,Visakhapatnam,5634.5979,234.7749,SeaRoute/MARNET computed,computed_reference,Port reference coordinate,UN/LOCODE / Visakhapatnam reference coordinate,master_registry_reference,maritime_reference,port,port,45.30444,36.73361,17.7,83.3,searoute,MARNET,nautical_miles,True,default,northwest
Taman__Gangavaram,Taman,Gangavaram,5635.8229,234.826,SeaRoute/MARNET computed,computed_reference,Port reference coordinate,UN/LOCODE / Gangavaram reference coordinate,master_registry_reference,maritime_reference,port,port,45.30444,36.73361,17.65,83.25,searoute,MARNET,nautical_miles,True,default,northwest
Taman__Haldia,Taman,Haldia,5958.0787,248.2533,SeaRoute/MARNET computed,computed_reference,Port reference coordinate,Official SMPK Haldia reference coordinate,master_registry_reference,official_port,port,port,45.30444,36.73361,22.033333,88.083333,searoute,MARNET,nautical_miles,True,default,northwest
Samarinda__Paradip,Samarinda,Paradip,2813.617,117.234,SeaRoute/MARNET computed,computed_reference,Port reference coordinate,UN/LOCODE / Paradip Port reference coordinate,master_registry_reference,maritime_reference,port,port,-0.50218,117.1538,20.25,86.583333,searoute,MARNET,nautical_miles,True,default,northwest
Samarinda__Dhamra,Samarinda,Dhamra,2782.0697,115.9196,SeaRoute/MARNET computed,computed_reference,Port reference coordinate,UN/LOCODE / Dhamra Port reference coordinate,master_registry_reference,maritime_reference,port,port,-0.50218,117.1538,20.816667,86.95,searoute,MARNET,nautical_miles,True,default,northwest
Samarinda__Gopalpur,Samarinda,Gopalpur,2876.7269,119.8636,SeaRoute/MARNET computed,computed_reference,Port reference coordinate,Official Gopalpur Port coordinate,master_registry_reference,official_port,port,port,-0.50218,117.1538,19.303611,84.964444,searoute,MARNET,nautical_miles,True,default,northwest
Samarinda__Visakhapatnam,Samarinda,Visakhapatnam,2756.8147,114.8673,SeaRoute/MARNET computed,computed_reference,Port reference coordinate,UN/LOCODE / Visakhapatnam reference coordinate,master_registry_reference,maritime_reference,port,port,-0.50218,117.1538,17.7,83.3,searoute,MARNET,nautical_miles,True,default,northwest
Samarinda__Gangavaram,Samarinda,Gangavaram,2758.0398,114.9183,SeaRoute/MARNET computed,computed_reference,Port reference coordinate,UN/LOCODE / Gangavaram reference coordinate,master_registry_reference,maritime_reference,port,port,-0.50218,117.1538,17.65,83.25,searoute,MARNET,nautical_miles,True,default,northwest
Samarinda__Haldia,Samarinda,Haldia,2797.8133,116.5756,SeaRoute/MARNET computed,computed_reference,Port reference coordinate,Official SMPK Haldia reference coordinate,master_registry_reference,official_port,port,port,-0.50218,117.1538,22.033333,88.083333,searoute,MARNET,nautical_miles,True,default,northwest
Richards Bay__Paradip,Richards Bay,Paradip,4809.8788,200.4116,SeaRoute/MARNET computed,computed_reference,Port reference coordinate,UN/LOCODE / Paradip Port reference coordinate,master_registry_reference,maritime_reference,port,port,-28.78301,32.03863,20.25,86.583333,searoute,MARNET,nautical_miles,True,default,northwest
Richards Bay__Dhamra,Richards Bay,Dhamra,4778.3315,199.0971,SeaRoute/MARNET computed,computed_reference,Port reference coordinate,UN/LOCODE / Dhamra Port reference coordinate,master_registry_reference,maritime_reference,port,port,-28.78301,32.03863,20.816667,86.95,searoute,MARNET,nautical_miles,True,default,northwest
Richards Bay__Gopalpur,Richards Bay,Gopalpur,4590.5064,191.2711,SeaRoute/MARNET computed,computed_reference,Port reference coordinate,Official Gopalpur Port coordinate,master_registry_reference,official_port,port,port,-28.78301,32.03863,19.303611,84.964444,searoute,MARNET,nautical_miles,True,default,northwest
Richards Bay__Visakhapatnam,Richards Bay,Visakhapatnam,4470.5943,186.2748,SeaRoute/MARNET computed,computed_reference,Port reference coordinate,UN/LOCODE / Visakhapatnam reference coordinate,master_registry_reference,maritime_reference,port,port,-28.78301,32.03863,17.7,83.3,searoute,MARNET,nautical_miles,True,default,northwest
Richards Bay__Gangavaram,Richards Bay,Gangavaram,4471.8193,186.3258,SeaRoute/MARNET computed,computed_reference,Port reference coordinate,UN/LOCODE / Gangavaram reference coordinate,master_registry_reference,maritime_reference,port,port,-28.78301,32.03863,17.65,83.25,searoute,MARNET,nautical_miles,True,default,northwest
Richards Bay__Haldia,Richards Bay,Haldia,4794.0751,199.7531,SeaRoute/MARNET computed,computed_reference,Port reference coordinate,Official SMPK Haldia reference coordinate,master_registry_reference,official_port,port,port,-28.78301,32.03863,22.033333,88.083333,searoute,MARNET,nautical_miles,True,default,northwest
Norfolk__Paradip,Norfolk,Paradip,10001.3847,416.7244,SeaRoute/MARNET computed,computed_reference,USACE Norfolk District — Norfolk International Terminals project location,UN/LOCODE / Paradip Port reference coordinate,official_maritime,maritime_reference,port_terminal_reference,port,36.918448,-76.329056,20.25,86.583333,searoute,MARNET,nautical_miles,True,default,northwest
Norfolk__Dhamra,Norfolk,Dhamra,9969.8373,415.4099,SeaRoute/MARNET computed,computed_reference,USACE Norfolk District — Norfolk International Terminals project location,UN/LOCODE / Dhamra Port reference coordinate,official_maritime,maritime_reference,port_terminal_reference,port,36.918448,-76.329056,20.816667,86.95,searoute,MARNET,nautical_miles,True,default,northwest
Norfolk__Gopalpur,Norfolk,Gopalpur,9782.0122,407.5838,SeaRoute/MARNET computed,computed_reference,USACE Norfolk District — Norfolk International Terminals project location,Official Gopalpur Port coordinate,official_maritime,official_port,port_terminal_reference,port,36.918448,-76.329056,19.303611,84.964444,searoute,MARNET,nautical_miles,True,default,northwest
Norfolk__Visakhapatnam,Norfolk,Visakhapatnam,9662.1001,402.5875,SeaRoute/MARNET computed,computed_reference,USACE Norfolk District — Norfolk International Terminals project location,UN/LOCODE / Visakhapatnam reference coordinate,official_maritime,maritime_reference,port_terminal_reference,port,36.918448,-76.329056,17.7,83.3,searoute,MARNET,nautical_miles,True,default,northwest
Norfolk__Gangavaram,Norfolk,Gangavaram,9663.3251,402.6385,SeaRoute/MARNET computed,computed_reference,USACE Norfolk District — Norfolk International Terminals project location,UN/LOCODE / Gangavaram reference coordinate,official_maritime,maritime_reference,port_terminal_reference,port,36.918448,-76.329056,17.65,83.25,searoute,MARNET,nautical_miles,True,default,northwest
Norfolk__Haldia,Norfolk,Haldia,9985.5809,416.0659,SeaRoute/MARNET computed,computed_reference,USACE Norfolk District — Norfolk International Terminals project location,Official SMPK Haldia reference coordinate,official_maritime,official_port,port_terminal_reference,port,36.918448,-76.329056,22.033333,88.083333,searoute,MARNET,nautical_miles,True,default,northwest
Baltimore__Paradip,Baltimore,Paradip,10134.299,422.2625,SeaRoute/MARNET computed,computed_reference,UN/LOCODE US BAL — Baltimore reference coordinate,UN/LOCODE / Paradip Port reference coordinate,maritime_reference,maritime_reference,port,port,39.283333,-76.616667,20.25,86.583333,searoute,MARNET,nautical_miles,True,default,northwest
Baltimore__Dhamra,Baltimore,Dhamra,10102.7516,420.948,SeaRoute/MARNET computed,computed_reference,UN/LOCODE US BAL — Baltimore reference coordinate,UN/LOCODE / Dhamra Port reference coordinate,maritime_reference,maritime_reference,port,port,39.283333,-76.616667,20.816667,86.95,searoute,MARNET,nautical_miles,True,default,northwest
Baltimore__Gopalpur,Baltimore,Gopalpur,9914.9265,413.1219,SeaRoute/MARNET computed,computed_reference,UN/LOCODE US BAL — Baltimore reference coordinate,Official Gopalpur Port coordinate,maritime_reference,official_port,port,port,39.283333,-76.616667,19.303611,84.964444,searoute,MARNET,nautical_miles,True,default,northwest
Baltimore__Visakhapatnam,Baltimore,Visakhapatnam,9795.0144,408.1256,SeaRoute/MARNET computed,computed_reference,UN/LOCODE US BAL — Baltimore reference coordinate,UN/LOCODE / Visakhapatnam reference coordinate,maritime_reference,maritime_reference,port,port,39.283333,-76.616667,17.7,83.3,searoute,MARNET,nautical_miles,True,default,northwest
Baltimore__Gangavaram,Baltimore,Gangavaram,9796.2394,408.1766,SeaRoute/MARNET computed,computed_reference,UN/LOCODE US BAL — Baltimore reference coordinate,UN/LOCODE / Gangavaram reference coordinate,maritime_reference,maritime_reference,port,port,39.283333,-76.616667,17.65,83.25,searoute,MARNET,nautical_miles,True,default,northwest
Baltimore__Haldia,Baltimore,Haldia,10118.4952,421.604,SeaRoute/MARNET computed,computed_reference,UN/LOCODE US BAL — Baltimore reference coordinate,Official SMPK Haldia reference coordinate,maritime_reference,official_port,port,port,39.283333,-76.616667,22.033333,88.083333,searoute,MARNET,nautical_miles,True,default,northwest
Mobile__Paradip,Mobile,Paradip,11134.1253,463.9219,SeaRoute/MARNET computed,computed_reference,Alabama Port Authority — Mobile port project reference coordinate,UN/LOCODE / Paradip Port reference coordinate,official_port_reference,maritime_reference,port,port,30.712169,-88.043311,20.25,86.583333,searoute,MARNET,nautical_miles,True,default,northwest
Mobile__Dhamra,Mobile,Dhamra,11102.5779,462.6074,SeaRoute/MARNET computed,computed_reference,Alabama Port Authority — Mobile port project reference coordinate,UN/LOCODE / Dhamra Port reference coordinate,official_port_reference,maritime_reference,port,port,30.712169,-88.043311,20.816667,86.95,searoute,MARNET,nautical_miles,True,default,northwest
Mobile__Gopalpur,Mobile,Gopalpur,10914.7528,454.7814,SeaRoute/MARNET computed,computed_reference,Alabama Port Authority — Mobile port project reference coordinate,Official Gopalpur Port coordinate,official_port_reference,official_port,port,port,30.712169,-88.043311,19.303611,84.964444,searoute,MARNET,nautical_miles,True,default,northwest
Mobile__Visakhapatnam,Mobile,Visakhapatnam,10794.8407,449.785,SeaRoute/MARNET computed,computed_reference,Alabama Port Authority — Mobile port project reference coordinate,UN/LOCODE / Visakhapatnam reference coordinate,official_port_reference,maritime_reference,port,port,30.712169,-88.043311,17.7,83.3,searoute,MARNET,nautical_miles,True,default,northwest
Mobile__Gangavaram,Mobile,Gangavaram,10796.0657,449.8361,SeaRoute/MARNET computed,computed_reference,Alabama Port Authority — Mobile port project reference coordinate,UN/LOCODE / Gangavaram reference coordinate,official_port_reference,maritime_reference,port,port,30.712169,-88.043311,17.65,83.25,searoute,MARNET,nautical_miles,True,default,northwest
Mobile__Haldia,Mobile,Haldia,11118.3215,463.2634,SeaRoute/MARNET computed,computed_reference,Alabama Port Authority — Mobile port project reference coordinate,Official SMPK Haldia reference coordinate,official_port_reference,official_port,port,port,30.712169,-88.043311,22.033333,88.083333,searoute,MARNET,nautical_miles,True,default,northwest
New Orleans__Paradip,New Orleans,Paradip,11191.1829,466.2993,SeaRoute/MARNET computed,computed_reference,Port of New Orleans — port reference location,UN/LOCODE / Paradip Port reference coordinate,port_reference,maritime_reference,port,port,29.93689,-90.06189,20.25,86.583333,searoute,MARNET,nautical_miles,True,default,northwest
New Orleans__Dhamra,New Orleans,Dhamra,11159.6356,464.9848,SeaRoute/MARNET computed,computed_reference,Port of New Orleans — port reference location,UN/LOCODE / Dhamra Port reference coordinate,port_reference,maritime_reference,port,port,29.93689,-90.06189,20.816667,86.95,searoute,MARNET,nautical_miles,True,default,northwest
New Orleans__Gopalpur,New Orleans,Gopalpur,10971.8105,457.1588,SeaRoute/MARNET computed,computed_reference,Port of New Orleans — port reference location,Official Gopalpur Port coordinate,port_reference,official_port,port,port,29.93689,-90.06189,19.303611,84.964444,searoute,MARNET,nautical_miles,True,default,northwest
New Orleans__Visakhapatnam,New Orleans,Visakhapatnam,10851.8983,452.1624,SeaRoute/MARNET computed,computed_reference,Port of New Orleans — port reference location,UN/LOCODE / Visakhapatnam reference coordinate,port_reference,maritime_reference,port,port,29.93689,-90.06189,17.7,83.3,searoute,MARNET,nautical_miles,True,default,northwest
New Orleans__Gangavaram,New Orleans,Gangavaram,10853.1234,452.2135,SeaRoute/MARNET computed,computed_reference,Port of New Orleans — port reference location,UN/LOCODE / Gangavaram reference coordinate,port_reference,maritime_reference,port,port,29.93689,-90.06189,17.65,83.25,searoute,MARNET,nautical_miles,True,default,northwest
New Orleans__Haldia,New Orleans,Haldia,11175.3791,465.6408,SeaRoute/MARNET computed,computed_reference,Port of New Orleans — port reference location,Official SMPK Haldia reference coordinate,port_reference,official_port,port,port,29.93689,-90.06189,22.033333,88.083333,searoute,MARNET,nautical_miles,True,default,northwest
