traffic_date,held_on_date,port,priority_group,readiness,vessel_name,loa_m,beam_m,draft_m,arrival_date,arrival_time,cargo_type,cargo_qty_mt,priority,vessel_size,remarks,raw_line,source_pdf,vessel_name_normalized,matched_movement_timestamp,matched_berth,arrival_to_berth_hours,arrival_to_berth_days,delay_status
2026-09-06,2026-09-07,Paradip,FOR CB-1 & CB-2,READY,MV. APJ SETHU,224.86,32.26,0.0,2026-09-05,06:48,TH.COAL,75000,1,,,32.26 0.00 05.09  0648TNPGCLL  75000 SEAPORTMV. APJ SETHU 224.86 1 TH.COAL J M BAXIMSPLR - P,dtr0709.pdf,APJ SETHU,2026-09-07 09:00:00,EQ-3,50.2,2.0917,matched
2026-09-06,2026-09-07,Paradip,FOR CB-1 & CB-2,READY,MV. SINGAPORE BULKER,189.99,32.26,13.3,2026-09-07,06:18,TH.COAL,55000,2,,,32.26 13.30 07.09  0618OPGL  55000 SEA SHIPSMV. SINGAPORE BULKER 189.99 2 TH.COAL SSSR -,dtr0709.pdf,SINGAPORE BULKER,2026-09-07 14:30:00,CB-1/CB-2,8.2,0.3417,matched
2026-09-06,2026-09-07,Paradip,FOR CB-1 & CB-2,READY,MV. APJ ANGAD 2,224.94,32.26,14.5,2026-09-07,10:18,TH.COAL,75000,3,,,32.26 14.50 07.09  1018NTECL/CLPLL  75000 BOTHRAMV. APJ ANGAD 2 224.94 3 TH.COAL JMBR -,dtr0709.pdf,APJ ANGAD 2,2026-09-07 15:00:00,CB-1/CB-2,4.7,0.1958,matched
2026-09-06,2026-09-07,Paradip,FOR OJ,NOT READY,MT. SHIVALIK NR,225.28,36.6,11.6,2026-09-04,17:12,BUTANE/PROP,13000,1,,(B),36.60 11.60 04.09  1712IOCLD  13000 SAMSARAMT. SHIVALIK NR 225.28 1 BUTANE/PROP SAMSARA - (B),dtr0709.pdf,SHIVALIK NR,,,,,unmatched
2026-09-06,2026-09-07,Paradip,FOR OJ,NOT READY,MT. TORM DOVER NR,183.12,32.2,0.0,2026-09-05,14:12,NAPTHA,35000,2,,(B),32.20 0.00 05.09  1412IOCLL  35000 ISIPLMT. TORM DOVER NR 183.12 2 NAPTHA ISIPL - (B),dtr0709.pdf,TORM DOVER NR,,,,,unmatched
2026-09-06,2026-09-07,Paradip,FOR OJ,NOT READY,MT. GAS ALKHALEEJ NR,225.28,36.62,11.8,2026-09-07,09:54,BUTANE/PROP,28000,3,,(B),36.62 11.80 07.09  0954IOCLD  28000 AGSMT. GAS ALKHALEEJ NR 225.28 3 BUTANE/PROP AGS - (B),dtr0709.pdf,GAS ALKHALEEJ NR,,,,,unmatched
2026-09-06,2026-09-07,Paradip,FOR SPM,READY,MT. OLYMPIC FLAG,273.97,47.0,15.0,2026-09-06,09:54,CRUDE OIL,124610,1,,,47.00 15.00 06.09  0954IOCL PLDD  124610 AGSMT. OLYMPIC FLAG 273.97 1 CRUDE OIL AGSR -,dtr0709.pdf,OLYMPIC FLAG,2026-09-07 06:00:00,SPM-3,20.1,0.8375,matched
2026-09-06,2026-09-07,Paradip,FOR SPM,NOT READY,MT. AYAT NR,179.99,32.2,11.4,2026-08-26,19:30,CRUDE OIL,37861,1,,(B),32.20 11.40 26.08  1930IOCL PLDD  37861 AGSMT. AYAT NR 179.99 1 CRUDE OIL AGS - (B),dtr0709.pdf,AYAT NR,,,,,unmatched
2026-09-06,2026-09-07,Paradip,FOR PICT,NOT READY,MV. TAN BINH 259 ICT/NR,175.53,29.4,9.5,2026-07-22,16:25,S.COIL,25391,1,,(B),29.40 9.50 22.07  1625JSLD  25391 SSSMV. TAN BINH 259 ICT/NR 175.53 1 S.COIL NK - (B),dtr0709.pdf,TAN BINH 259 ICT NR,,,,,unmatched
2026-09-06,2026-09-07,Paradip,FOR PICT,NOT READY,MV. NEON TRADER ICT/NR,179.9,30.0,9.24,2026-09-01,17:36,S.COIL,15000,2,,(B),30.00 9.24 01.09  1736SAILL  15000 GACMV. NEON TRADER ICT/NR 179.90 2 S.COIL GAC - (B),dtr0709.pdf,NEON TRADER ICT NR,,,,,unmatched
2026-09-06,2026-09-07,Paradip,FOR PICT,NOT READY,MV. YPERION ICT/NR,229.0,32.26,7.25,2026-09-01,20:36,PIG IRON,66000,3,,(B),32.26 7.25 01.09  2036OMPLL  66000 J M BAXIMSPLMV. YPERION ICT/NR 229.00 3 PIG IRON J M BAXIMSPL - (B),dtr0709.pdf,YPERION ICT NR,,,,,unmatched
2026-09-06,2026-09-07,Paradip,FOR PICT,NOT READY,MV. DIONYSUS ICT/NR,199.9,32.26,12.35,2026-09-06,19:06,UREA,52500,4,,(B),32.26 12.35 06.09  1906BRAHMAPUTRAD  52500 SSSMV. DIONYSUS ICT/NR 199.90 4 UREA SSS - (B),dtr0709.pdf,DIONYSUS ICT NR,,,,,unmatched
2026-09-06,2026-09-07,Paradip,Others,NOT READY,MV. PELAGIA NR,228.99,32.26,12.86,2026-08-27,23:00,,36000,1,,(B),32.26 12.86 27.08  2300NKD  36000 ALAPMV. PELAGIA NR 228.99 1 A. SULPHATE ALAP - (B),dtr0709.pdf,PELAGIA NR,,,,,unmatched
