date,vessels_waiting_anchorage,dry_bulk_vessels_waiting,dry_bulk_cargo_mt_waiting,vessels_expected,dry_bulk_vessels_expected,dry_bulk_cargo_mt_expected,berth_events,sail_events,shift_events,dry_bulk_berth_events,dry_bulk_sail_events,unique_berth_events,source_file
2025-10-07,67,26,1442261.0,,,,17,16,3,8,8,17,dtr0710.pdf
2025-10-08,70,29,1637240.0,,,,13,13,4,6,7,12,dtr0810.pdf
2025-10-09,70,28,1598381.0,,,,11,12,4,8,5,11,dtr0910.pdf
2025-10-10,68,26,1412479.0,,,,11,8,5,7,5,8,dtr1010.pdf
2025-10-11,64,24,1356034.0,,,,17,11,5,9,6,12,dtr1110.pdf
2025-10-12,61,20,1048038.0,,,,13,11,4,5,8,12,dtr1210.pdf
2025-10-13,56,22,1217839.0,,,,7,8,5,6,5,8,dtr1310.pdf
2025-10-14,61,24,1302349.0,,,,11,12,7,5,8,12,dtr1410.pdf
2025-10-15,60,25,1352272.0,,,,6,9,3,4,6,7,dtr1510.pdf
2025-10-16,63,25,1537601.0,,,,13,6,10,8,2,12,dtr1610.pdf
2025-10-17,55,21,1186503.0,,,,7,12,5,6,8,9,dtr1710.pdf
2025-10-18,66,27,1637852.0,,,,10,10,6,5,6,12,dtr1810.pdf
2025-10-19,56,25,1629737.0,,,,7,10,7,4,6,10,dtr1910.pdf
2025-10-20,58,27,1718086.0,,,,10,10,5,6,3,10,dtr2010.pdf
2025-10-21,54,23,1352440.0,,,,10,11,3,6,6,10,dtr2110.pdf
2025-10-22,56,26,1519040.0,,,,10,9,5,8,5,8,dtr2210.pdf
2025-10-23,54,25,1605882.0,,,,8,8,4,5,6,8,dtr2310.pdf
2025-10-24,54,22,1526154.0,,,,9,9,4,6,7,7,dtr2410.pdf
2025-10-25,60,25,1769292.0,,,,10,7,3,7,5,6,dtr2510.pdf
2025-10-26,56,23,1635671.0,,,,4,8,4,3,5,6,dtr2610.pdf
2025-10-27,55,23,1520626.0,,,,10,7,3,8,4,7,dtr2710.pdf
2025-10-28,62,28,1783802.0,,,,9,7,5,6,4,8,dtr2810.pdf
2025-10-29,63,29,1815668.0,,,,13,9,4,7,6,9,dtr2910.pdf
2025-10-30,55,23,1479168.0,,,,8,9,5,3,6,7,dtr3010.pdf
2025-10-31,58,25,1532026.0,,,,8,9,4,4,5,8,dtr3110.pdf
2025-11-01,54,24,1480661.0,,,,10,8,3,6,4,9,dtr0111.pdf
2025-11-02,53,20,1144985.0,,,,13,7,5,6,4,9,dtr0211.pdf
2025-11-03,49,20,1177938.0,,,,5,6,6,1,2,6,dtr0311.pdf
2025-11-04,50,22,1302938.0,,,,5,5,3,4,3,5,dtr0411.pdf
2025-11-05,54,22,1294124.0,,,,8,6,3,4,3,6,dtr0511.pdf
2026-06-18,47,28,1599484.0,,,,6,10,5,6,6,8,dtr1806.pdf
2026-06-19,48,27,1543484.0,,,,11,9,6,8,7,10,dtr1906.pdf
2026-06-20,48,26,1468893.0,,,,12,9,4,9,8,9,dtr2006.pdf
2026-06-21,44,24,1347460.0,,,,10,12,7,7,9,8,dtr2106.pdf
2026-06-22,47,24,1378871.0,,,,9,7,5,4,4,9,dtr2206.pdf
2026-06-23,47,25,1407528.0,,,,8,10,8,7,8,10,dtr2306.pdf
2026-06-24,55,27,1450008.0,,,,13,14,5,9,8,8,dtr2406.pdf
2026-06-25,55,27,1408158.0,,,,7,10,7,4,7,9,dtr2506.pdf
2026-06-26,56,29,1604327.0,,,,18,11,6,11,8,11,dtr2606.pdf
2026-06-27,54,27,1651216.0,,,,8,13,4,7,11,9,dtr2706.pdf
2026-06-28,51,23,1386568.0,,,,14,11,6,9,7,10,dtr2806.pdf
2026-06-29,48,21,1281332.0,,,,9,7,5,5,5,9,dtr2906.pdf
2026-06-30,51,26,1539385.0,,,,11,11,4,8,6,10,dtr3006.pdf
2026-07-01,53,28,1746207.0,,,,10,11,6,6,6,8,DTR0107.pdf
2026-07-02,48,26,1543859.0,,,,9,6,8,7,5,10,dtr0207.pdf
2026-07-03,51,29,1767724.0,,,,11,9,7,6,5,8,dtr0307.pdf
2026-07-04,56,35,2123174.0,,,,11,9,14,7,7,12,dtr0407.pdf
2026-07-05,57,37,2310787.0,,,,10,10,9,7,7,10,dtr0507.pdf
2026-07-06,58,38,2389787.0,,,,10,10,9,7,8,8,dtr0607.pdf
2026-07-07,69,45,2892200.0,,,,13,11,7,9,9,9,dtr0707.pdf
2026-07-08,63,41,2611051.0,,,,10,9,8,8,7,12,dtr0807.pdf
2026-07-09,69,42,2553230.0,,,,16,9,8,8,5,10,dtr0907.pdf
2026-07-10,66,40,2509435.0,,,,13,7,7,10,5,8,dtr1007.pdf
2026-07-11,59,34,2129859.0,,,,11,11,7,8,9,11,dtr1107.pdf
2026-07-12,52,28,1619908.0,,,,8,10,7,5,7,9,dtr1207.pdf
2026-07-13,57,29,1656998.0,,,,10,12,6,6,8,10,dtr1307.pdf
2026-07-14,53,28,1528331.0,,,,6,6,6,4,5,7,dtr1407.pdf
2026-07-15,63,34,1885714.0,,,,7,10,6,4,7,8,dtr1507.pdf
2026-07-16,64,33,1844754.0,,,,9,9,4,4,6,10,dtr1607.pdf
2026-07-17,60,31,1772481.0,,,,10,8,4,6,5,7,dtr1707.pdf
2026-07-18,70,39,2265241.0,,,,13,14,4,6,6,9,dtr1807.pdf
2026-07-19,66,37,2145328.0,,,,11,10,5,5,5,11,dtr1907.pdf
2026-07-20,60,33,2042791.0,,,,8,7,5,7,6,9,dtr2007.pdf
2026-07-21,65,31,1803139.0,,,,7,8,8,4,6,9,dtr2107.pdf
2026-07-22,70,33,1889593.0,,,,10,8,8,6,6,9,dtr2207.pdf
2026-07-23,71,35,2086612.0,,,,7,7,7,6,5,8,dtr2307.pdf
2026-07-24,70,31,1793010.0,,,,13,8,7,8,6,9,dtr2407.pdf
2026-07-25,68,35,2058634.0,,,,11,11,7,8,7,10,dtr2507.pdf
2026-07-26,62,32,1796154.0,,,,12,10,5,6,7,10,dtr2607-2.pdf
2026-07-27,62,34,1995154.0,,,,9,11,7,7,8,9,dtr2707.pdf
2026-07-28,67,31,1777654.0,,,,9,7,6,8,4,9,dtr2807.pdf
2026-07-29,65,30,1721128.0,,,,8,9,6,6,6,9,dtr2907.pdf
2026-07-30,70,32,1963577.0,,,,9,4,7,6,4,7,dtr3007-2.pdf
2026-07-31,67,29,1825946.0,,,,13,8,7,6,5,11,dtr3107.pdf
2026-08-01,69,31,1970055.0,,,,9,12,7,5,7,8,dtr0108.pdf
2026-08-02,65,29,1907280.0,,,,13,12,6,6,7,9,dtr0208.pdf
2026-08-03,57,25,1707166.0,,,,10,9,4,7,5,9,dtr0308.pdf
2026-08-04,58,24,1714081.0,,,,12,10,7,4,7,9,dtr0408.pdf
2026-08-05,55,21,1581081.0,,,,11,8,8,7,6,10,dtr0508.pdf
2026-08-06,55,25,1744696.0,,,,10,9,7,5,6,7,dtr0608.pdf
2026-08-07,55,26,1810596.0,,,,14,13,9,6,6,9,dtr0708.pdf
2026-08-08,55,28,1823116.0,,,,7,10,7,4,5,8,dtr0808.pdf
2026-08-09,55,29,1965416.0,,,,10,7,4,7,3,8,dtr0908.pdf
2026-08-10,54,27,1757097.0,,,,12,13,9,8,8,11,dtr1008.pdf
2026-08-11,51,26,1650681.0,,,,8,12,8,4,7,10,dtr1108.pdf
2026-08-12,54,29,1776347.0,,,,8,8,6,7,5,9,dtr1208.pdf
2026-08-13,54,27,1665892.0,,,,10,6,6,7,5,7,dtr1308.pdf
2026-08-14,52,26,1521787.0,,,,11,9,6,7,4,11,dtr1408-2.pdf
2026-08-15,52,27,1512298.0,,,,7,6,6,5,3,12,dtr1508-2.pdf
2026-08-16,51,28,1526643.0,,,,8,8,10,7,4,10,dtr1608-4.pdf
2026-08-17,46,22,1147803.0,,,,8,10,6,4,6,8,dtr1708.pdf
2026-08-19,42,22,1178758.0,,,,8,8,6,4,5,8,dtr1908.pdf
2026-08-20,48,24,1315869.0,,,,10,9,6,6,8,10,dtr2008-3.pdf
2026-08-21,42,22,1185202.0,,,,8,4,5,4,2,5,dtr2108.pdf
2026-08-22,46,26,1423702.0,,,,7,4,4,5,1,8,DTR2208-3.pdf
2026-08-23,42,22,1244602.0,,,,3,6,5,2,4,6,dtr2308.pdf
2026-08-24,45,20,1180452.0,,,,7,4,5,5,2,6,dtr2408.pdf
2026-08-25,47,21,1210534.0,,,,8,10,6,4,6,10,dtr2508.pdf
2026-08-26,47,21,1236850.0,,,,13,11,5,7,6,9,dtr2608.pdf
2026-08-27,42,16,970416.0,,,,8,11,8,5,7,11,dtr2708.pdf
2026-08-28,41,16,918711.0,,,,10,9,7,6,6,12,dtr2808.pdf
2026-08-29,40,15,859311.0,,,,8,7,8,4,3,10,dtr2908.pdf
2026-08-30,39,13,745549.0,,,,7,6,5,6,4,10,dtr3008.pdf
2026-08-31,36,13,777999.0,,,,9,11,5,5,6,11,dtr3108.pdf
2026-09-01,39,15,892099.0,,,,12,13,5,5,7,12,dtr0109.pdf
2026-09-03,38,17,1026132.0,,,,10,10,7,6,5,10,dtr0309.pdf
2026-09-04,45,18,1109672.0,,,,11,9,5,6,4,12,dtr0409.pdf
2026-09-05,45,19,1116573.0,,,,8,12,4,7,6,11,dtr0509.pdf
2026-09-06,44,16,987073.0,,,,10,11,6,6,6,10,dtr0609.pdf
2026-09-07,41,15,750913.0,,,,7,9,4,6,7,10,dtr0709.pdf
2026-09-08,42,16,870150.0,,,,11,6,5,7,4,11,dtr0809.pdf
