filename,section,reason,source_page,source_text
DTR0107.pdf,movement,quantity_not_found,6,01-07-26 NQ-1MT. VAMSEE SAILS 69.81 NO 16:00 11.50 0.00
dtr0108.pdf,movement,quantity_not_found,5,01-08-26 PICT-2MV. MSC AKITETA II BERTHS 195.60 CONTAINER 07:30 700 30.20 7.50
dtr0108.pdf,movement,quantity_not_found,5,02-08-26 PICT-2MV. MSC AKITETA II SAILS 195.60 CONTAINER 06:00 30.20 7.50
dtr0108.pdf,movement,quantity_not_found,5,02-08-26 KICTMV. ALLIANCE SAILS 229.00 C.COAL 08:00 32.24 14.39
dtr0109.pdf,movement,quantity_not_found,5,01-09-26 NQ-3MV. GANESHWAR SAILS 72.00 GYPSUM 18:30 14.00 2.80
dtr0111.pdf,movement,quantity_not_found,5,01-11-25 WDMT. OCEAN ZEAL BERTHS 32.70 NO 06:40 0 10.50 5.00
dtr0207.pdf,movement,quantity_not_found,5,02-07-26 WDMV. THSD ANTIGOON BERTHS 115.00 NO 08:40 0 22.46 0.00
dtr0207.pdf,movement,quantity_not_found,5,03-07-26 NQ-1MT. VAMSEE BERTHS 69.81 NO 06:00 0 11.50 0.00
dtr0208.pdf,movement,quantity_not_found,6,02-08-26 PICT-2MV. MSC AKITETA II SAILS 195.60 CONTAINER 16:00 553 30.20 8.10
dtr0307.pdf,movement,quantity_not_found,5,03-07-26 NQ-1MT. VAMSEE BERTHS 69.81 NO 09:00 0 11.50 0.00
dtr0307.pdf,movement,quantity_not_found,5,03-07-26 PICTMV. MSC MAKOTO II BERTHS 175.49 CONTAINER 12:30 500 27.40 7.50
dtr0407.pdf,movement,quantity_not_found,6,05-07-26 PICTMV. MSC MAKOTO II SAILS 175.49 CONTAINER 01:00 612 27.40 7.50
dtr0408.pdf,movement,quantity_not_found,5,04-08-26 NQ-3MV. RIVER PEARL 2 BERTHS 51.00 NO 15:30 0 12.00 1.80
dtr0408.pdf,movement,quantity_not_found,5,05-08-26 NQ-2MV. THSD ANTIGOON BERTHS 115.00 NO 07:00 0 22.46 0.00
dtr0408.pdf,movement,quantity_not_found,5,05-08-26 KICTMV. FJ IRIS SAILS 228.99 C.COAL 08:00 32.26 0.00
dtr0409.pdf,movement,quantity_not_found,5,04-09-26 PICT-2MV. ESCADA BERTHS 154.00 CONTAINER 23:30 400 25.00 7.55
dtr0507.pdf,movement,quantity_not_found,6,05-07-26 PICTMV. MSC MAKOTO II SAILS 175.49 CONTAINER 16:00 612 27.40 7.50
dtr0507.pdf,movement,quantity_not_found,6,05-07-26 PICTMV. MSC AKITETA II BERTHS 195.60 CONTAINER 16:30 900 30.20 0.00
dtr0509.pdf,movement,quantity_not_found,5,05-09-26 PICT-2MV. ESCADA BERTHS 154.00 CONTAINER 11:00 400 25.00 7.55
dtr0607.pdf,movement,quantity_not_found,5,06-07-26 PICTMV. MSC MAKOTO II SAILS 175.49 CONTAINER 11:00 612 27.40 7.50
dtr0607.pdf,movement,quantity_not_found,5,06-07-26 PICTMV. MSC AKITETA II BERTHS 195.60 CONTAINER 11:30 900 30.20 0.00
dtr0609.pdf,movement,quantity_not_found,6,06-09-26 PICT-2MV. ESCADA SAILS 154.00 CONTAINER 22:00 329 25.00 8.30
dtr0707.pdf,movement,quantity_not_found,5,07-07-26 PICTMV. MSC MAKOTO II SAILS 175.49 CONTAINER 07:16 612 27.40 7.50
dtr0707.pdf,movement,quantity_not_found,5,07-07-26 PICTMV. MSC AKITETA II BERTHS 195.60 CONTAINER 11:15 900 30.20 0.00
dtr0710.pdf,movement,quantity_not_found,7,07-10-25 EQ-1MV. NAVAYUGA 2 SAILS 103.26 NO 07:20 17.60 4.20
dtr0710.pdf,movement,quantity_not_found,7,07-10-25 EQ-1MV. BHEEM SAILS 32.00 NO 07:20 10.50 5.60
dtr0710.pdf,movement,quantity_not_found,7,07-10-25 NQ-1MT. VAMSEE BERTHS 69.81 NO 09:00 0 11.50 3.20
dtr0710.pdf,movement,quantity_not_found,7,07-10-25 EQ-1MT. HARI AKASH BERTHS 117.26 BUNKER 12:30 0 20.00 0.00
dtr0710.pdf,movement,quantity_not_found,7,08-10-25 PICT-2MV. MSC MAKOTO II BERTHS 175.49 CONTAINER 01:30 880 27.40 7.50
dtr0808.pdf,movement,quantity_not_found,5,08-08-26 NQ-3MV. GANESHWAR SAILS 72.00 GYPSUM 21:30 14.00 3.00
dtr0810.pdf,movement,quantity_not_found,7,08-10-25 EQ-1MT. HARI AKASH SAILS 117.26 BUNKER 01:24 0 20.00 0.00 08-10-25 WDTHSD ANTIGOON SAILS 115.00 NO 01:44 22.46 6.50
dtr0810.pdf,movement,quantity_not_found,7,08-10-25 WDMV. CONGO RIVER BERTHS 168.00 NO 07:00 0 38.00 0.00
dtr0810.pdf,movement,quantity_not_found,7,08-10-25 NQ-3MV. GANESHWAR SAILS 72.00 GYPSUM 15:00 14.00 3.00
dtr0810.pdf,movement,quantity_not_found,7,09-10-25 PICT-2MV. MSC MAKOTO II SAILS 175.49 CONTAINER 10:00 862 27.40 7.50
dtr0907.pdf,movement,quantity_not_found,5,10-07-26 NQ-2MV. THSD ANTIGOON BERTHS 115.00 NO 11:00 0 22.46 0.00
dtr0910.pdf,movement,quantity_not_found,7,09-10-25 PICT-2MV. MSC MAKOTO II SAILS 175.49 CONTAINER 22:00 862 27.40 7.50
dtr1007.pdf,movement,quantity_not_found,6,10-07-26 NQ-2MV. THSD ANTIGOON BERTHS 115.00 NO 09:06 0 22.46 0.00
dtr1007.pdf,movement,quantity_not_found,6,10-07-26 PICTMV. SSL THAMIRABARANI SAILS 142.70 CONTAINER 19:00 534 22.60 0.00
dtr1007.pdf,movement,quantity_not_found,6,11-07-26 NIOBMV. ASTRO SIRIUS SAILS 199.90 I.ORE 09:00 32.26 13.30
dtr1010.pdf,movement,quantity_not_found,8,10-10-25 NQ-3MV. GANESHWAR SAILS 72.00 GYPSUM 17:00 14.00 3.00
dtr1010.pdf,movement,quantity_not_found,8,11-10-25 PICT-2MV. SSL SABARIMALAI SAILS 143.15 CONTAINER 02:00 405 22.80 0.00
dtr1110.pdf,movement,quantity_not_found,6,11-10-25 PICT-2MV. SSL SABARIMALAI SAILS 143.15 CONTAINER 08:30 405 22.80 0.00
dtr1310.pdf,movement,quantity_not_found,6,14-10-25 NQ-3MV. DRISHTI SAILS 71.00 GYPSUM 05:00 14.20 3.00
dtr1408-2.pdf,movement,quantity_not_found,5,14-08-26 NQ-3MV. GANESHWAR SAILS 72.00 GYPSUM 14:30 0 14.00 2.80
dtr1410.pdf,movement,quantity_not_found,6,14-10-25 PICT-2MV. TRADER BERTHS 166.15 CONTAINER 15:30 500 25.00 5.50
dtr1410.pdf,movement,quantity_not_found,6,15-10-25 NQ-3MV. GANESHWAR SAILS 72.00 GYPSUM 08:00 14.00 0.00
dtr1507.pdf,movement,quantity_not_found,5,16-07-26 KICTMV. CAPTAIN JOHN P SAILS 228.90 C.COAL 11:00 32.25 14.50
dtr1510.pdf,movement,quantity_not_found,6,15-10-25 PICT-2MV. TRADER SAILS 166.15 CONTAINER 17:00 283 25.00 7.66
dtr1510.pdf,movement,quantity_not_found,6,15-10-25 NQ-3MV. DRISHTI SAILS 71.00 GYPSUM 17:30 14.20 0.00
dtr1710.pdf,movement,quantity_not_found,5,17-10-25 NQ-2MV. GANESHWAR SAILS 72.00 GYPSUM 17:00 14.00 0.00
dtr1710.pdf,movement,quantity_not_found,5,17-10-25 NQ-1MT. VAMSEE SAILS 69.81 NO 17:30 11.50 3.20
dtr1806.pdf,movement,quantity_not_found,5,18-06-26 PICTMV. MSC KETA II SAILS 195.60 CONTAINER 18:00 455 30.20 8.50
dtr1808_compressed.pdf,movement,quantity_not_found,6,19-08-26 PICT-2MV. DP WORLD THAMIRABARANI SAILS 142.70 CONTAINER 06:00 789 22.60 6.90
dtr1810.pdf,movement,quantity_not_found,6,19-10-25 NQ-1MT. VAMSEE BERTHS 69.81 NO 09:30 0 11.50 3.40
dtr1907.pdf,movement,quantity_not_found,5,19-07-26 NQ-3MV. GANESHWAR SAILS 72.00 GYPSUM 17:30 14.00 0.00
dtr1907.pdf,movement,loa_not_found,5,"20-07-26 CQ-2/NIOBMV. ATLANTIC VISION SAILS/SHIFTS 189.99 I.ORE 06:00 ON A/C VESSEL, IF VESSEL NOT COMPLETED. 53,700 32.26 13.10"
dtr1908.pdf,movement,quantity_not_found,6,19-08-26 PICT-2MV. DP WORLD THAMIRABARANI SAILS 142.70 CONTAINER 14:00 789 22.60 6.90
dtr2006.pdf,movement,quantity_not_found,5,20-06-26 NIOBMV. USANEE NAREE SAILS 199.99 C.COAL 16:00 36.00 13.00
dtr2007.pdf,movement,loa_not_found,5,"20-07-26 CQ-2/NIOBMV. ATLANTIC VISION SAILS/SHIFTS 189.99 I.ORE 12:30 ON A/C VESSEL, IF VESSEL NOT COMPLETED. 53,700 32.26 13.10"
dtr2010.pdf,movement,loa_not_found,6,"20-10-25 NIOB/NOJMV. XING SHUN HAI SAILS/SHIFTS 228.99 I.ORE 15:30 ON A/C PORT 76,852 32.26 0.00"
dtr2010.pdf,movement,quantity_not_found,6,21-10-25 NQ-3MV. GANESHWAR SAILS 72.00 GYPSUM 05:00 14.00 3.00
dtr2106.pdf,movement,quantity_not_found,5,22-06-26 KICTMV. JAG AMAIRA SAILS 229.00 C.COAL 10:00 32.26 14.47
dtr2108.pdf,movement,quantity_not_found,5,22-08-26 KICTMV. GRACE LOUISE SAILS 228.99 C.COAL 10:00 32.26 14.36
dtr2110.pdf,movement,quantity_not_found,5,22-10-25 NQ-3MV. DRISHTI SAILS 71.00 GYPSUM 05:00 14.20 3.00
dtr2210.pdf,movement,quantity_not_found,5,23-10-25 NQ-3MV. GANESHWAR SAILS 72.00 GYPSUM 05:00 14.00 3.00
dtr2310.pdf,movement,quantity_not_found,5,24-10-25 NQ-3MV. DRISHTI SAILS 71.00 GYPSUM 05:00 14.20 0.00
dtr2410.pdf,movement,quantity_not_found,6,25-10-25 EQ-3MV. PERTH I SAILS 189.99 TH.COAL 08:00 32.26 12.80
dtr2507.pdf,movement,quantity_not_found,5,25-07-26 PICT-2MV. MSC TIGER F BERTHS 154.51 CONTAINER 20:30 700 25.21 5.50
dtr2508.pdf,movement,quantity_not_found,6,26-08-26 NQ-3MV. THSD ANTIGOON BERTHS 115.00 NO 07:00 0 22.46 0.00
dtr2510.pdf,movement,quantity_not_found,6,26-10-25 KICTMV. LOLITA SAILS 182.94 H COAL 08:00 31.60 10.39
dtr2606.pdf,movement,quantity_not_found,5,26-06-26 WBMV. OCEAN MORGANITE BERTHS 60.00 NO 06:24 0 16.50 0.00
dtr2607-2.pdf,movement,quantity_not_found,6,26-07-26 PICT-2MV. MSC TIGER F BERTHS 154.51 CONTAINER 08:00 700 25.21 5.50
dtr2608.pdf,movement,quantity_not_found,6,26-08-26 NQ-3MV. THSD ANTIGOON BERTHS 115.00 NO 06:54 0 22.46 0.00
dtr2608.pdf,movement,loa_not_found,6,"26-08-26 MPB/ANCMV. DDS MARINA SAILS/SHIFTS 126.80 A. NITRATE 15:30 ON A/C VESSEL 11,331 21.50 9.10"
dtr2608.pdf,movement,quantity_not_found,6,26-08-26 PICT-2MV. MSC MAKOTO II BERTHS 175.49 CONTAINER 22:30 PORTSIDE ALONGSIDE 500 27.40 7.50
dtr2610.pdf,movement,quantity_not_found,6,27-10-25 PICT-2MV. SSL SABARIMALAI SAILS 143.15 CONTAINER 04:00 523 22.80 6.50
dtr2707.pdf,movement,quantity_not_found,6,28-07-26 PICT-2MV. MSC TIGER F SAILS 154.51 CONTAINER 09:00 925 25.21 5.50
dtr2708.pdf,movement,quantity_not_found,6,28-08-26 PICT-2MV. MSC MAKOTO II SAILS 175.49 CONTAINER 06:30 500 27.40 8.00
dtr2710.pdf,movement,quantity_not_found,6,27-10-25 PICT-2MV. SSL SABARIMALAI SAILS 143.15 CONTAINER 11:00 523 22.80 6.50
dtr2808.pdf,movement,quantity_not_found,6,28-08-26 PICT-2MV. MSC MAKOTO II SAILS 175.49 CONTAINER 18:00 418 27.40 8.00
dtr2810.pdf,movement,quantity_not_found,6,28-10-25 PICT-2MV. SSL SABARIMALAI SAILS 143.15 CONTAINER 10:15 523 22.80 6.50
dtr2908.pdf,movement,quantity_not_found,6,29-08-26 PICT-2MV. MSC MAKOTO II SAILS 175.49 CONTAINER 09:48 418 27.40 8.00
dtr2910.pdf,movement,quantity_not_found,5,29-10-25 PICT-2MV. SSL SABARIMALAI SAILS 143.15 CONTAINER 07:45 523 22.80 6.50
dtr2910.pdf,movement,quantity_not_found,5,29-10-25 PICT-2MV. TRADER BERTHS 166.15 CONTAINER 13:00 500 25.00 5.50
dtr3010.pdf,movement,quantity_not_found,6,30-10-25 PICT-2MV. TRADER SAILS 166.15 CONTAINER 14:00 296 25.00 7.80
