episode_id,vessel_name,vessel_name_normalized,arrival_timestamp,first_waiting_report,last_waiting_report,waiting_snapshot_count,berth_timestamp,arrival_to_berth_hours,arrival_to_berth_days,berth,movement_report,loa_m,beam_m,draft_m,cargo_type,cargo_qty_mt,priority,priority_group,readiness,remarks,source_report,status
TAN BINH 259 ICT/NR_202607221625,MV. TAN BINH 259 ICT/NR,TAN BINH 259 ICT/NR,2026-07-22 16:25:00,2025-10-06,2026-09-07,113,,,,,,175.53,29.4,9.5,S.COIL,25391,1,FOR PICT,NOT READY,(B),dtr0710.pdf,unmatched
AYAT NR_202608261930,MT. AYAT NR,AYAT NR,2026-08-26 19:30:00,2025-10-06,2026-09-07,113,,,,,,179.99,32.2,11.4,CRUDE OIL,37861,1,FOR SPM,NOT READY,(B),dtr0710.pdf,unmatched
PELAGIA NR_202608272300,MV. PELAGIA NR,PELAGIA NR,2026-08-27 23:00:00,2025-10-06,2026-09-07,113,,,,,,228.99,32.26,12.86,,36000,1,Others,NOT READY,(B),dtr0710.pdf,unmatched
NEON TRADER ICT/NR_202609011736,MV. NEON TRADER ICT/NR,NEON TRADER ICT/NR,2026-09-01 17:36:00,2025-10-06,2026-09-07,113,,,,,,179.9,30.0,9.24,S.COIL,15000,2,FOR PICT,NOT READY,(B),dtr0710.pdf,unmatched
YPERION ICT/NR_202609012036,MV. YPERION ICT/NR,YPERION ICT/NR,2026-09-01 20:36:00,2025-10-06,2026-09-07,113,,,,,,229.0,32.26,7.25,PIG IRON,66000,3,FOR PICT,NOT READY,(B),dtr0710.pdf,unmatched
SHIVALIK NR_202609041712,MT. SHIVALIK NR,SHIVALIK NR,2026-09-04 17:12:00,2025-10-06,2026-09-07,113,,,,,,225.28,36.6,11.6,BUTANE/PROP,13000,1,FOR OJ,NOT READY,(B),dtr0710.pdf,unmatched
APJ SETHU_202609050648,MV. APJ SETHU,APJ SETHU,2026-09-05 06:48:00,2025-10-06,2026-09-07,113,2026-09-07 09:00:00,50.2,2.091666666666667,EQ-3,dtr0709.pdf,224.86,32.26,0.0,TH.COAL,75000,1,FOR CB-1 & CB-2,READY,,dtr0710.pdf,matched
TORM DOVER NR_202609051412,MT. TORM DOVER NR,TORM DOVER NR,2026-09-05 14:12:00,2025-10-06,2026-09-07,113,,,,,,183.12,32.2,0.0,NAPTHA,35000,2,FOR OJ,NOT READY,(B),dtr0710.pdf,unmatched
OLYMPIC FLAG_202609060954,MT. OLYMPIC FLAG,OLYMPIC FLAG,2026-09-06 09:54:00,2025-10-06,2026-09-07,113,2026-09-07 06:00:00,20.1,0.8375,SPM-3,dtr0609.pdf,273.97,47.0,15.0,CRUDE OIL,124610,1,FOR SPM,READY,,dtr0710.pdf,matched
DIONYSUS ICT/NR_202609061906,MV. DIONYSUS ICT/NR,DIONYSUS ICT/NR,2026-09-06 19:06:00,2025-10-06,2026-09-07,113,,,,,,199.9,32.26,12.35,UREA,52500,4,FOR PICT,NOT READY,(B),dtr0710.pdf,unmatched
SINGAPORE BULKER_202609070618,MV. SINGAPORE BULKER,SINGAPORE BULKER,2026-09-07 06:18:00,2025-10-06,2026-09-07,113,2026-09-07 14:30:00,8.2,0.3416666666666666,CB-1/CB-2,dtr0709.pdf,189.99,32.26,13.3,TH.COAL,55000,2,FOR CB-1 & CB-2,READY,,dtr0710.pdf,matched
GAS ALKHALEEJ NR_202609070954,MT. GAS ALKHALEEJ NR,GAS ALKHALEEJ NR,2026-09-07 09:54:00,2025-10-06,2026-09-07,113,,,,,,225.28,36.62,11.8,BUTANE/PROP,28000,3,FOR OJ,NOT READY,(B),dtr0710.pdf,unmatched
APJ ANGAD 2_202609071018,MV. APJ ANGAD 2,APJ ANGAD 2,2026-09-07 10:18:00,2025-10-06,2026-09-07,113,2026-09-07 15:00:00,4.7,0.19583333333333333,CB-1/CB-2,dtr0709.pdf,224.94,32.26,14.5,TH.COAL,75000,3,FOR CB-1 & CB-2,READY,,dtr0710.pdf,matched
