vessel,model,mae,rmse,direction_accuracy_pct
cape,zero_return,0.19798470209165553,0.2652598282755646,0.0
cape,momentum,0.2298127262150425,0.29714568850225337,38.88888888888889
cape,ridge,0.4952701697690648,0.6697900027202657,53.333333333333336
cape,xgboost,0.2585544479909067,0.31576489459071294,49.629629629629626
panamax,zero_return,0.12976350437345296,0.17161690636809537,0.3703703703703704
panamax,momentum,0.14406278863923175,0.1906924426458339,53.70370370370371
panamax,ridge,0.29167797698498416,0.35334997852692734,42.96296296296296
panamax,xgboost,0.14362391737313626,0.18315159185291785,46.2962962962963
supramax,zero_return,0.11613911568166287,0.14896055374079376,0.0
supramax,momentum,0.12016684846756694,0.1596381639331947,50.37037037037037
supramax,ridge,0.25336752153482933,0.30512386451590817,51.48148148148148
supramax,xgboost,0.13079802456878545,0.1576200970379569,53.333333333333336
handy,zero_return,0.08840637228102985,0.12311768183315325,0.0
handy,momentum,0.09049886485172356,0.1221998550024308,58.51851851851851
handy,ridge,0.19962501250547773,0.24480898179402427,50.0
handy,xgboost,0.09751765199784844,0.13149418449628034,47.77777777777778
