vessel,horizon_days,model,test_rows,mae,rmse,mape_pct,directional_accuracy_pct
cape,7,persistence,277,3315.0902527075814,4159.517769189376,9.565293952090965,0.0
cape,7,ridge,277,4410.249426951612,5443.237560192007,12.225685755606216,46.20938628158845
cape,7,xgboost,277,5486.906856385379,7505.45848639038,14.045786618067451,56.317689530685925
cape,14,persistence,276,4566.398550724638,5779.793576124384,12.877078520626636,0.0
cape,14,ridge,276,7721.072615640474,9735.019010355136,20.874628974763702,47.46376811594203
cape,14,xgboost,276,9060.881768710371,12160.029192635671,22.730779485076845,54.347826086956516
cape,30,persistence,274,6098.729927007299,7716.836549290593,16.962100141783115,0.0
cape,30,xgboost,274,11009.475493270986,13999.397958670026,27.838182139908703,52.18978102189781
cape,30,ridge,274,13591.68051557896,16858.91212854003,35.120648267166516,49.63503649635037
cape,60,persistence,271,6601.265682656826,8891.917111765562,17.365683859746177,0.0
cape,60,ridge,271,14395.392062438148,18889.355008357237,35.96398475228481,49.815498154981555
cape,60,xgboost,271,15003.173096604012,17301.261605831703,39.795563464714554,37.63837638376384
handy,7,persistence,277,335.52707581227435,468.24546541795416,2.880571460182948,0.0
handy,7,xgboost,277,618.1977944494585,765.1147842035263,5.129618760253719,47.292418772563174
handy,7,ridge,277,818.8446681393186,1040.569140543585,6.472138353124277,46.20938628158845
handy,14,persistence,276,570.6485507246376,786.0431152204739,4.869839237440258,0.0
handy,14,xgboost,276,898.9540803328804,1125.6458449371926,7.465818443238454,48.188405797101446
handy,14,ridge,276,1761.1743065210621,2199.8793894489318,13.827178826790554,48.188405797101446
handy,30,persistence,274,996.1496350364963,1350.8000022155024,8.579494443649585,0.0
handy,30,xgboost,274,1449.857621464416,1772.7116474599954,12.57806884872051,43.06569343065693
handy,30,ridge,274,3674.733945461042,4691.659868828831,28.0606458624802,39.78102189781022
handy,60,persistence,271,1637.929889298893,2035.3763417114103,14.141048708281472,0.0
handy,60,ridge,271,3486.3214594992974,4497.909816696103,26.807586205276458,45.75645756457565
handy,60,xgboost,271,3750.5725899446493,3965.9354770042046,31.395192559295314,29.88929889298893
panamax,7,persistence,277,932.3826714801444,1184.4172720659856,5.394976494505209,0.0
panamax,7,xgboost,277,1305.7555808607851,1595.8301158258755,7.1691017929335406,46.20938628158845
panamax,7,ridge,277,1662.2969722931857,2096.6452334684495,9.51837252225099,46.57039711191336
panamax,14,persistence,276,1428.6195652173913,1841.2812164674742,8.570432344463242,0.0
panamax,14,xgboost,276,1671.8379755434783,2037.9629939118302,9.570157133306822,57.608695652173914
panamax,14,ridge,276,2833.8967369288484,3451.1829641244944,15.960213028541265,46.01449275362319
panamax,30,persistence,274,2219.78102189781,2919.210517211053,13.58042194521523,0.36496350364963503
panamax,30,xgboost,274,3072.4857436131388,3735.0956048680227,16.762572997008842,48.175182481751825
panamax,30,ridge,274,5305.103005678368,6506.287733062508,27.876012622072434,43.06569343065693
panamax,60,persistence,271,3269.4243542435424,3833.15685609066,19.91788122564789,0.0
panamax,60,xgboost,271,4185.60523091559,4627.867948377952,23.047443460673737,40.22140221402214
panamax,60,ridge,271,5196.966060884552,6322.531221726691,27.52812684709417,52.767527675276746
supramax,7,persistence,277,670.7833935018051,881.7512214941912,4.025482108699168,0.0
supramax,7,xgboost,277,1075.8262459104242,1269.4989121771696,6.025622335052435,46.931407942238266
supramax,7,ridge,277,1399.441053931493,1721.0465031608146,7.698876875551624,47.292418772563174
supramax,14,persistence,276,1117.126811594203,1466.4862582554852,6.791747217247939,0.0
supramax,14,xgboost,276,1658.2925618489583,1928.5737010501848,9.411941173618416,48.188405797101446
supramax,14,ridge,276,2773.9786908074807,3338.9875825677236,15.176689729835092,47.46376811594203
supramax,30,persistence,274,1900.087591240876,2396.6212972298663,11.667481320910545,0.0
supramax,30,xgboost,274,3548.6342916001367,3865.0369425228755,20.046755588627775,35.03649635036496
supramax,30,ridge,274,5218.174127047899,6498.70471852027,27.853954819214593,46.715328467153284
supramax,60,persistence,271,2652.070110701107,3170.8152006858377,16.027391449251315,0.0
supramax,60,ridge,271,5017.854117469011,6160.470591040638,27.211270516177944,52.767527675276746
supramax,60,xgboost,271,5149.943824233164,5725.843964023072,29.202440319246435,33.210332103321036
