target,horizon,model,mae,rmse
cape,7,persistence,4051.179775280899,5039.416797896493
cape,7,ridge,5451.661070589655,6682.134182433435
cape,7,xgboost,6551.670168758778,8941.081940759168
cape,14,persistence,5353.790960451977,6775.884794726991
cape,14,ridge,8232.905351394998,10230.331067025592
cape,14,xgboost,8196.177952308439,10959.237577273989
cape,30,persistence,6440.418803418804,8436.148124389363
cape,30,ridge,8786.727595983692,10635.125415281631
cape,30,xgboost,8139.866820245727,10809.938394006414
cape,60,persistence,7141.057971014493,8982.100998370455
cape,60,ridge,12072.909270079039,14870.145317992976
cape,60,xgboost,9018.447409986413,11302.188941052464
panamax,7,persistence,1179.1039325842696,1464.4985672136338
panamax,7,ridge,1925.323837948513,2296.0033009185936
panamax,7,xgboost,1502.9865009436446,1838.339710658687
panamax,14,persistence,1777.683615819209,2250.6853243797837
panamax,14,ridge,3107.357870040039,3708.359376341058
panamax,14,xgboost,2765.410564530367,3355.5450405540487
panamax,30,persistence,2583.5128205128203,3231.87870574701
panamax,30,ridge,4223.729838316843,5088.894086075256
panamax,30,xgboost,3030.3818804531697,3895.4908751639155
panamax,60,persistence,3242.965217391304,3793.7007472150844
panamax,60,ridge,5599.878994279054,6722.110115853371
panamax,60,xgboost,4203.853192934783,5038.680581103839
supramax,7,persistence,836.1067415730337,1102.5196347203166
supramax,7,ridge,1161.1202723780432,1456.0329523880073
supramax,7,xgboost,1474.5118613939608,1715.5596952729372
supramax,14,persistence,1327.7118644067796,1772.2124813622224
supramax,14,ridge,2192.5509373444975,2718.241464608302
supramax,14,xgboost,1982.1074577374648,2356.9689039141313
supramax,30,persistence,2029.4301994301995,2593.278458321274
supramax,30,ridge,3061.2830016701614,3489.8364760133986
supramax,30,xgboost,2514.9019848424145,2945.183938818343
supramax,60,persistence,2907.782608695652,3593.524292874373
supramax,60,ridge,4632.501065384373,5242.909264406731
supramax,60,xgboost,4179.709581634964,5096.837846041347
handy,7,persistence,432.83988764044943,605.084238262127
handy,7,ridge,770.874669173875,984.010714220472
handy,7,xgboost,1001.0541553283006,1758.245831183225
handy,14,persistence,700.6694915254237,988.0848779273472
handy,14,ridge,1562.3422157355421,1961.0787573495647
handy,14,xgboost,909.7188300008828,1167.8661353774453
handy,30,persistence,1180.820512820513,1571.1942198064746
handy,30,ridge,1993.026953785143,2338.6875655551826
handy,30,xgboost,2156.3863640157588,2516.410777725028
handy,60,persistence,1920.3217391304347,2406.4776237528554
handy,60,ridge,3045.426657932225,3676.4331588920904
handy,60,xgboost,3564.0386435688406,4543.491682112336
