feature,target,lag,signal,pearson,spearman,n
dhamra_portcalls_dry_bulk,cape,1,change_to_change,,0.0008877783465186267,1620
dhamra_portcalls_dry_bulk,cape,1,level_to_change,-0.02233052934715238,-0.022461775718576597,1840
dhamra_portcalls_dry_bulk,panamax,1,change_to_change,,0.008958245872821824,1620
dhamra_portcalls_dry_bulk,panamax,1,level_to_change,-0.007953699566278852,-0.005816218762958024,1840
dhamra_portcalls_dry_bulk,supramax,1,change_to_change,,0.0077046073989635155,1620
dhamra_portcalls_dry_bulk,supramax,1,level_to_change,-0.018739035358471268,-0.011661332223207655,1840
dhamra_portcalls_dry_bulk,handy,1,change_to_change,,-0.028892529433777642,1620
dhamra_portcalls_dry_bulk,handy,1,level_to_change,-0.044193175031104925,-0.04573911343804227,1840
dhamra_portcalls_dry_bulk,cape,3,change_to_change,,0.0035427352544292684,1620
dhamra_portcalls_dry_bulk,cape,3,level_to_change,0.014775284395345006,0.012711895684073287,1840
dhamra_portcalls_dry_bulk,panamax,3,change_to_change,,0.016208405294872413,1620
dhamra_portcalls_dry_bulk,panamax,3,level_to_change,-0.015366157638900358,0.00043000355076544257,1840
dhamra_portcalls_dry_bulk,supramax,3,change_to_change,,0.0018443788417078363,1620
dhamra_portcalls_dry_bulk,supramax,3,level_to_change,-0.02875262630427612,-0.023802097875934385,1840
dhamra_portcalls_dry_bulk,handy,3,change_to_change,,0.02042903408258594,1620
dhamra_portcalls_dry_bulk,handy,3,level_to_change,-0.013161444686211545,-0.011898338008361882,1840
dhamra_portcalls_dry_bulk,cape,7,change_to_change,,-0.004012058625457688,1619
dhamra_portcalls_dry_bulk,cape,7,level_to_change,0.018178208230249588,0.017029542518895997,1839
dhamra_portcalls_dry_bulk,panamax,7,change_to_change,,-0.003338609973879891,1619
dhamra_portcalls_dry_bulk,panamax,7,level_to_change,-0.013121054225278537,-0.016735499377489655,1839
dhamra_portcalls_dry_bulk,supramax,7,change_to_change,,0.013516122538249863,1619
dhamra_portcalls_dry_bulk,supramax,7,level_to_change,0.008364777863786605,0.011525277993646055,1839
dhamra_portcalls_dry_bulk,handy,7,change_to_change,,-0.0012824329714460926,1619
dhamra_portcalls_dry_bulk,handy,7,level_to_change,-0.0017562137081527669,-0.00497952636599073,1839
dhamra_portcalls_dry_bulk,cape,14,change_to_change,,-0.0019453858673492137,1613
dhamra_portcalls_dry_bulk,cape,14,level_to_change,-0.003659065961702495,-0.006022518573765651,1832
dhamra_portcalls_dry_bulk,panamax,14,change_to_change,,-0.005384793447267872,1613
dhamra_portcalls_dry_bulk,panamax,14,level_to_change,-0.01194907010416734,-0.012935781706006073,1832
dhamra_portcalls_dry_bulk,supramax,14,change_to_change,,-0.008958558117798825,1613
dhamra_portcalls_dry_bulk,supramax,14,level_to_change,0.003628453681935581,0.001691159786626267,1832
dhamra_portcalls_dry_bulk,handy,14,change_to_change,,0.00789880223107882,1613
dhamra_portcalls_dry_bulk,handy,14,level_to_change,0.0028535928982529775,0.00606834360397038,1832
dhamra_portcalls_dry_bulk,cape,30,change_to_change,,0.010987240478395983,1598
dhamra_portcalls_dry_bulk,cape,30,level_to_change,0.024528013543031458,0.009758167888239596,1816
dhamra_portcalls_dry_bulk,panamax,30,change_to_change,,0.012530195765373613,1598
dhamra_portcalls_dry_bulk,panamax,30,level_to_change,0.01611637036792302,0.00048309275778836576,1816
dhamra_portcalls_dry_bulk,supramax,30,change_to_change,,-0.007116157883691336,1598
dhamra_portcalls_dry_bulk,supramax,30,level_to_change,-0.008111356363370783,-0.025128382437105568,1816
dhamra_portcalls_dry_bulk,handy,30,change_to_change,,0.0006467856147610381,1598
dhamra_portcalls_dry_bulk,handy,30,level_to_change,0.0003019454074700417,-0.012793388435662285,1816
gopalpur_portcalls_dry_bulk,cape,1,change_to_change,,0.005897148942507685,862
gopalpur_portcalls_dry_bulk,cape,1,level_to_change,0.02341583093336265,0.018223254790084048,1840
gopalpur_portcalls_dry_bulk,panamax,1,change_to_change,,-0.034370778203931696,862
gopalpur_portcalls_dry_bulk,panamax,1,level_to_change,-0.003678273932479888,-0.028121360645911805,1840
gopalpur_portcalls_dry_bulk,supramax,1,change_to_change,,-0.007781386464302137,862
gopalpur_portcalls_dry_bulk,supramax,1,level_to_change,-0.00784925614309287,-0.012475846862097857,1840
gopalpur_portcalls_dry_bulk,handy,1,change_to_change,,0.02785005979052215,862
gopalpur_portcalls_dry_bulk,handy,1,level_to_change,0.01855456422631693,0.012127774957064288,1840
gopalpur_portcalls_dry_bulk,cape,3,change_to_change,,0.0016592815706759642,862
gopalpur_portcalls_dry_bulk,cape,3,level_to_change,-0.0072324676174962115,-0.018363194206901988,1840
gopalpur_portcalls_dry_bulk,panamax,3,change_to_change,,-0.012069931274800608,862
gopalpur_portcalls_dry_bulk,panamax,3,level_to_change,-0.008748459588288161,0.002038711526739948,1840
gopalpur_portcalls_dry_bulk,supramax,3,change_to_change,,-0.027683365239891126,862
gopalpur_portcalls_dry_bulk,supramax,3,level_to_change,-0.012136890441617976,0.00018465219999328516,1840
gopalpur_portcalls_dry_bulk,handy,3,change_to_change,,-0.016767035420594333,862
gopalpur_portcalls_dry_bulk,handy,3,level_to_change,-0.02130662178189425,-0.014630468450999051,1840
gopalpur_portcalls_dry_bulk,cape,7,change_to_change,,-0.029578688775349114,862
gopalpur_portcalls_dry_bulk,cape,7,level_to_change,-0.007483285523303247,-0.013092291164651148,1839
gopalpur_portcalls_dry_bulk,panamax,7,change_to_change,,-0.005192567983528225,862
gopalpur_portcalls_dry_bulk,panamax,7,level_to_change,-0.028035457399502826,-0.020675815208546666,1839
gopalpur_portcalls_dry_bulk,supramax,7,change_to_change,,0.015129934741104372,862
gopalpur_portcalls_dry_bulk,supramax,7,level_to_change,-0.01241292337882602,-0.014231495569367076,1839
gopalpur_portcalls_dry_bulk,handy,7,change_to_change,,-0.008429044382450658,862
gopalpur_portcalls_dry_bulk,handy,7,level_to_change,-0.011044762825426678,-0.008119424370845426,1839
gopalpur_portcalls_dry_bulk,cape,14,change_to_change,,0.04105184037872096,860
gopalpur_portcalls_dry_bulk,cape,14,level_to_change,0.05654417130146887,0.05490814896546592,1832
gopalpur_portcalls_dry_bulk,panamax,14,change_to_change,,0.0020723091079260974,860
gopalpur_portcalls_dry_bulk,panamax,14,level_to_change,0.039774151777423127,0.008936330386774586,1832
gopalpur_portcalls_dry_bulk,supramax,14,change_to_change,,0.010790295007421758,860
gopalpur_portcalls_dry_bulk,supramax,14,level_to_change,0.027891712100727727,0.01752044403375957,1832
gopalpur_portcalls_dry_bulk,handy,14,change_to_change,,0.013660270083178203,860
gopalpur_portcalls_dry_bulk,handy,14,level_to_change,0.05632046795123999,0.050492496292687,1832
gopalpur_portcalls_dry_bulk,cape,30,change_to_change,,0.005593879419884868,855
gopalpur_portcalls_dry_bulk,cape,30,level_to_change,-0.03699774290373736,-0.01839682120023478,1816
gopalpur_portcalls_dry_bulk,panamax,30,change_to_change,,-0.02163564896585,855
gopalpur_portcalls_dry_bulk,panamax,30,level_to_change,-0.020120488003166605,-0.03132506537064921,1816
gopalpur_portcalls_dry_bulk,supramax,30,change_to_change,,0.0055525907038726586,855
gopalpur_portcalls_dry_bulk,supramax,30,level_to_change,0.006416988872021023,0.008579687593652517,1816
gopalpur_portcalls_dry_bulk,handy,30,change_to_change,,0.008653188827976777,855
gopalpur_portcalls_dry_bulk,handy,30,level_to_change,0.019538786546018844,0.0171479246169983,1816
haldia_portcalls_dry_bulk,cape,1,change_to_change,,0.015929908302888617,1795
haldia_portcalls_dry_bulk,cape,1,level_to_change,-0.018017753347212888,-0.03379993112560808,1840
haldia_portcalls_dry_bulk,panamax,1,change_to_change,,-0.011971875750605139,1795
haldia_portcalls_dry_bulk,panamax,1,level_to_change,0.014391012528552835,-0.0042331906316752654,1840
haldia_portcalls_dry_bulk,supramax,1,change_to_change,,-0.012808386839037808,1795
haldia_portcalls_dry_bulk,supramax,1,level_to_change,0.0018424842132828932,-0.0036523719576259197,1840
haldia_portcalls_dry_bulk,handy,1,change_to_change,,-0.010501606668860998,1795
haldia_portcalls_dry_bulk,handy,1,level_to_change,-0.013563684948701835,-0.014476112328789153,1840
haldia_portcalls_dry_bulk,cape,3,change_to_change,,-0.0033782062488023237,1795
haldia_portcalls_dry_bulk,cape,3,level_to_change,-0.026304638657097527,-0.03650079692398429,1840
haldia_portcalls_dry_bulk,panamax,3,change_to_change,,0.012234842842276654,1795
haldia_portcalls_dry_bulk,panamax,3,level_to_change,0.012242294959970593,-0.0007826437406864261,1840
haldia_portcalls_dry_bulk,supramax,3,change_to_change,,-0.002755996490712482,1795
haldia_portcalls_dry_bulk,supramax,3,level_to_change,-0.008410909267638322,-0.0060780951416878415,1840
haldia_portcalls_dry_bulk,handy,3,change_to_change,,-0.0015100352599909555,1795
haldia_portcalls_dry_bulk,handy,3,level_to_change,-0.025036231746609842,-0.022789754605742885,1840
haldia_portcalls_dry_bulk,cape,7,change_to_change,,0.02621058501712271,1794
haldia_portcalls_dry_bulk,cape,7,level_to_change,-0.013949260892439055,-0.015757172037095927,1839
haldia_portcalls_dry_bulk,panamax,7,change_to_change,,0.004106466387915356,1794
haldia_portcalls_dry_bulk,panamax,7,level_to_change,0.00613000229888213,-0.013282042997841704,1839
haldia_portcalls_dry_bulk,supramax,7,change_to_change,,0.007904367798999896,1794
haldia_portcalls_dry_bulk,supramax,7,level_to_change,0.033848520287673815,0.012013156574435547,1839
haldia_portcalls_dry_bulk,handy,7,change_to_change,,-0.0019901633724270043,1794
haldia_portcalls_dry_bulk,handy,7,level_to_change,0.010317719131994401,-0.001197807216156233,1839
haldia_portcalls_dry_bulk,cape,14,change_to_change,,-0.012590047521778206,1787
haldia_portcalls_dry_bulk,cape,14,level_to_change,-0.016914347758022787,-0.009154212651228958,1832
haldia_portcalls_dry_bulk,panamax,14,change_to_change,,0.004599687783792195,1787
haldia_portcalls_dry_bulk,panamax,14,level_to_change,0.012477569351217913,0.011277911230532263,1832
haldia_portcalls_dry_bulk,supramax,14,change_to_change,,0.02101562011200542,1787
haldia_portcalls_dry_bulk,supramax,14,level_to_change,0.04580426362276468,0.031736288188407125,1832
haldia_portcalls_dry_bulk,handy,14,change_to_change,,0.011981672628261225,1787
haldia_portcalls_dry_bulk,handy,14,level_to_change,0.013100448745263244,0.013756544324638069,1832
haldia_portcalls_dry_bulk,cape,30,change_to_change,,-0.005872216947583237,1771
haldia_portcalls_dry_bulk,cape,30,level_to_change,-0.00978761771360583,-0.003618812566647018,1816
haldia_portcalls_dry_bulk,panamax,30,change_to_change,,0.006660724562959789,1771
haldia_portcalls_dry_bulk,panamax,30,level_to_change,0.028052368690185507,-0.002382512034144153,1816
haldia_portcalls_dry_bulk,supramax,30,change_to_change,,-0.009339487498831534,1771
haldia_portcalls_dry_bulk,supramax,30,level_to_change,0.020895394171300687,0.011893751692919358,1816
haldia_portcalls_dry_bulk,handy,30,change_to_change,,-0.005809776185381094,1771
haldia_portcalls_dry_bulk,handy,30,level_to_change,0.005283985435006174,0.00445823812343728,1816
paradip_portcalls_dry_bulk,cape,1,change_to_change,,-0.004934701609224239,1824
paradip_portcalls_dry_bulk,cape,1,level_to_change,-0.01960700115137317,-0.01754259778728374,1840
paradip_portcalls_dry_bulk,panamax,1,change_to_change,,0.006768829045239319,1824
paradip_portcalls_dry_bulk,panamax,1,level_to_change,0.00962680803093106,-0.00020071205156997268,1840
paradip_portcalls_dry_bulk,supramax,1,change_to_change,,0.013978847775052063,1824
paradip_portcalls_dry_bulk,supramax,1,level_to_change,0.0029029833968985683,0.0041358922398714824,1840
paradip_portcalls_dry_bulk,handy,1,change_to_change,,0.0034159868844840452,1824
paradip_portcalls_dry_bulk,handy,1,level_to_change,0.0017790498278119479,-0.004446282655320792,1840
paradip_portcalls_dry_bulk,cape,3,change_to_change,,0.009848755624144003,1824
paradip_portcalls_dry_bulk,cape,3,level_to_change,0.03984121822347087,0.030261354516131225,1840
paradip_portcalls_dry_bulk,panamax,3,change_to_change,,0.0061412911941446735,1824
paradip_portcalls_dry_bulk,panamax,3,level_to_change,0.006904252744190674,0.004080810608442847,1840
paradip_portcalls_dry_bulk,supramax,3,change_to_change,,-0.0024982547634971085,1824
paradip_portcalls_dry_bulk,supramax,3,level_to_change,-0.004777493331154632,-0.015105589608895567,1840
paradip_portcalls_dry_bulk,handy,3,change_to_change,,0.0012824128512713719,1824
paradip_portcalls_dry_bulk,handy,3,level_to_change,0.0227046800154952,0.010992224807840673,1840
paradip_portcalls_dry_bulk,cape,7,change_to_change,,0.015701979409041184,1823
paradip_portcalls_dry_bulk,cape,7,level_to_change,0.031213888597585122,0.037988593225195835,1839
paradip_portcalls_dry_bulk,panamax,7,change_to_change,,0.009699721008418717,1823
paradip_portcalls_dry_bulk,panamax,7,level_to_change,-0.0014213044002411033,0.0006439493606705918,1839
paradip_portcalls_dry_bulk,supramax,7,change_to_change,,0.018964413270278493,1823
paradip_portcalls_dry_bulk,supramax,7,level_to_change,-0.008907473450752677,-0.008559270644916642,1839
paradip_portcalls_dry_bulk,handy,7,change_to_change,,0.012312776267883139,1823
paradip_portcalls_dry_bulk,handy,7,level_to_change,-0.01934057380254711,-0.010367339530207407,1839
paradip_portcalls_dry_bulk,cape,14,change_to_change,,-0.007670653883253281,1816
paradip_portcalls_dry_bulk,cape,14,level_to_change,0.009569303077039062,0.011857526349767939,1832
paradip_portcalls_dry_bulk,panamax,14,change_to_change,,0.005427906992570916,1816
paradip_portcalls_dry_bulk,panamax,14,level_to_change,0.0041889304669062806,-0.020579079616119763,1832
paradip_portcalls_dry_bulk,supramax,14,change_to_change,,0.007985926937610272,1816
paradip_portcalls_dry_bulk,supramax,14,level_to_change,0.02615859602171989,0.0036736036877195095,1832
paradip_portcalls_dry_bulk,handy,14,change_to_change,,-0.005940768217972726,1816
paradip_portcalls_dry_bulk,handy,14,level_to_change,0.009321024181099764,-0.004358814510228987,1832
paradip_portcalls_dry_bulk,cape,30,change_to_change,,-0.0029525099513930523,1800
paradip_portcalls_dry_bulk,cape,30,level_to_change,0.001138863287314277,0.012641005926362118,1816
paradip_portcalls_dry_bulk,panamax,30,change_to_change,,0.006648170115922418,1800
paradip_portcalls_dry_bulk,panamax,30,level_to_change,0.011957183976099184,0.007211842530615826,1816
paradip_portcalls_dry_bulk,supramax,30,change_to_change,,0.022937972373327314,1800
paradip_portcalls_dry_bulk,supramax,30,level_to_change,0.021257831716028755,0.021889517517649927,1816
paradip_portcalls_dry_bulk,handy,30,change_to_change,,0.010367121790434163,1800
paradip_portcalls_dry_bulk,handy,30,level_to_change,-0.007933861301686936,0.00622240626870999,1816
vizag_portcalls_dry_bulk,cape,1,change_to_change,,0.009154988851307326,1831
vizag_portcalls_dry_bulk,cape,1,level_to_change,-0.02566147249278763,-0.02188850002232883,1840
vizag_portcalls_dry_bulk,panamax,1,change_to_change,,-0.001035406481697314,1831
vizag_portcalls_dry_bulk,panamax,1,level_to_change,-0.026797420127120893,-0.04867834590465951,1840
vizag_portcalls_dry_bulk,supramax,1,change_to_change,,-0.009809110296430853,1831
vizag_portcalls_dry_bulk,supramax,1,level_to_change,-0.03705802039947673,-0.030059140372003083,1840
vizag_portcalls_dry_bulk,handy,1,change_to_change,,0.0007277892447433595,1831
vizag_portcalls_dry_bulk,handy,1,level_to_change,-0.031317968734258184,-0.017374329709533284,1840
vizag_portcalls_dry_bulk,cape,3,change_to_change,,-0.0165060716192803,1831
vizag_portcalls_dry_bulk,cape,3,level_to_change,-0.017441806326454326,-0.013769006378360206,1840
vizag_portcalls_dry_bulk,panamax,3,change_to_change,,-0.008358570873496673,1831
vizag_portcalls_dry_bulk,panamax,3,level_to_change,-0.026773129262533824,-0.027861395404325133,1840
vizag_portcalls_dry_bulk,supramax,3,change_to_change,,0.003969438516085417,1831
vizag_portcalls_dry_bulk,supramax,3,level_to_change,0.009865362016136385,0.0019286156779634248,1840
vizag_portcalls_dry_bulk,handy,3,change_to_change,,-0.0002770987387107478,1831
vizag_portcalls_dry_bulk,handy,3,level_to_change,0.008377358388142504,-0.0012864751240102435,1840
vizag_portcalls_dry_bulk,cape,7,change_to_change,,0.022031854565627527,1830
vizag_portcalls_dry_bulk,cape,7,level_to_change,0.0052170521870889075,-0.002550876335389921,1839
vizag_portcalls_dry_bulk,panamax,7,change_to_change,,0.02232044506408386,1830
vizag_portcalls_dry_bulk,panamax,7,level_to_change,-0.027510941560161716,-0.02767970197139813,1839
vizag_portcalls_dry_bulk,supramax,7,change_to_change,,0.009705764211318326,1830
vizag_portcalls_dry_bulk,supramax,7,level_to_change,-0.02072909164164261,-0.01860293617274644,1839
vizag_portcalls_dry_bulk,handy,7,change_to_change,,0.03620314561112949,1830
vizag_portcalls_dry_bulk,handy,7,level_to_change,0.0038539076558572033,0.005705818060916773,1839
vizag_portcalls_dry_bulk,cape,14,change_to_change,,0.025839365805292735,1823
vizag_portcalls_dry_bulk,cape,14,level_to_change,0.021670341453850304,0.01676838378701046,1832
vizag_portcalls_dry_bulk,panamax,14,change_to_change,,-0.011684304556266805,1823
vizag_portcalls_dry_bulk,panamax,14,level_to_change,-0.005138206077183138,-0.005028243384862737,1832
vizag_portcalls_dry_bulk,supramax,14,change_to_change,,-0.01118224348226883,1823
vizag_portcalls_dry_bulk,supramax,14,level_to_change,-0.0036433645967284024,-0.009118473491144849,1832
vizag_portcalls_dry_bulk,handy,14,change_to_change,,-0.020444045106904146,1823
vizag_portcalls_dry_bulk,handy,14,level_to_change,-0.024995983169556583,-0.032775513409894944,1832
vizag_portcalls_dry_bulk,cape,30,change_to_change,,-0.00853958624297315,1807
vizag_portcalls_dry_bulk,cape,30,level_to_change,-0.002899957708199382,-0.023541732413572623,1816
vizag_portcalls_dry_bulk,panamax,30,change_to_change,,0.007812356526452379,1807
vizag_portcalls_dry_bulk,panamax,30,level_to_change,0.03972859448951595,0.02454976471905738,1816
vizag_portcalls_dry_bulk,supramax,30,change_to_change,,0.0015530776482780536,1807
vizag_portcalls_dry_bulk,supramax,30,level_to_change,0.03417435506380266,0.032163329720579684,1816
vizag_portcalls_dry_bulk,handy,30,change_to_change,,0.0012829038101810014,1807
vizag_portcalls_dry_bulk,handy,30,level_to_change,0.03390685972893606,0.02538857056966054,1816
all_ports_portcalls_dry_bulk,cape,1,change_to_change,,0.008135830356163474,1839
all_ports_portcalls_dry_bulk,cape,1,level_to_change,-0.03211747285434534,-0.03376954009271672,1840
all_ports_portcalls_dry_bulk,panamax,1,change_to_change,,-0.003209489152870061,1839
all_ports_portcalls_dry_bulk,panamax,1,level_to_change,-0.007010324127924593,-0.027327130887716506,1840
all_ports_portcalls_dry_bulk,supramax,1,change_to_change,,-0.005409380210683029,1839
all_ports_portcalls_dry_bulk,supramax,1,level_to_change,-0.023886666268664054,-0.020035706928192967,1840
all_ports_portcalls_dry_bulk,handy,1,change_to_change,,-0.003940205732762233,1839
all_ports_portcalls_dry_bulk,handy,1,level_to_change,-0.029520056098818068,-0.024653652690004753,1840
all_ports_portcalls_dry_bulk,cape,3,change_to_change,,0.003639764856129026,1839
all_ports_portcalls_dry_bulk,cape,3,level_to_change,0.00319385542599521,-0.0032232204685404484,1840
all_ports_portcalls_dry_bulk,panamax,3,change_to_change,,-0.00638216277933531,1839
all_ports_portcalls_dry_bulk,panamax,3,level_to_change,-0.011853464178313372,-0.018350977795744267,1840
all_ports_portcalls_dry_bulk,supramax,3,change_to_change,,-0.013678613420448026,1839
all_ports_portcalls_dry_bulk,supramax,3,level_to_change,-0.009564158285139755,-0.01262710312244904,1840
all_ports_portcalls_dry_bulk,handy,3,change_to_change,,-0.0006658516779356583,1839
all_ports_portcalls_dry_bulk,handy,3,level_to_change,-0.00040095916753703394,-0.010414949524805855,1840
all_ports_portcalls_dry_bulk,cape,7,change_to_change,,0.026752739401746595,1838
all_ports_portcalls_dry_bulk,cape,7,level_to_change,0.01650488726477805,0.010242765515321233,1839
all_ports_portcalls_dry_bulk,panamax,7,change_to_change,,0.0028449865608535254,1838
all_ports_portcalls_dry_bulk,panamax,7,level_to_change,-0.02101552002923566,-0.02867125165940259,1839
all_ports_portcalls_dry_bulk,supramax,7,change_to_change,,0.009564699417984008,1838
all_ports_portcalls_dry_bulk,supramax,7,level_to_change,-0.0027837927292767226,-0.01389154005161373,1839
all_ports_portcalls_dry_bulk,handy,7,change_to_change,,0.0077730145016970485,1838
all_ports_portcalls_dry_bulk,handy,7,level_to_change,-0.005800151014074426,-0.012910155298212376,1839
all_ports_portcalls_dry_bulk,cape,14,change_to_change,,0.010653124684035252,1831
all_ports_portcalls_dry_bulk,cape,14,level_to_change,0.018011506719047193,0.02302014626358818,1832
all_ports_portcalls_dry_bulk,panamax,14,change_to_change,,0.009965876678544488,1831
all_ports_portcalls_dry_bulk,panamax,14,level_to_change,0.007026426417654434,-0.004028512024302916,1832
all_ports_portcalls_dry_bulk,supramax,14,change_to_change,,0.0036389489585753362,1831
all_ports_portcalls_dry_bulk,supramax,14,level_to_change,0.03301870644210038,0.015406081497408023,1832
all_ports_portcalls_dry_bulk,handy,14,change_to_change,,-0.015014167865969048,1831
all_ports_portcalls_dry_bulk,handy,14,level_to_change,0.005590765334284396,-0.0069760793982461995,1832
all_ports_portcalls_dry_bulk,cape,30,change_to_change,,-0.013131456010564157,1815
all_ports_portcalls_dry_bulk,cape,30,level_to_change,-0.0040751859909728926,-0.015571877621547929,1816
all_ports_portcalls_dry_bulk,panamax,30,change_to_change,,0.020001129231703028,1815
all_ports_portcalls_dry_bulk,panamax,30,level_to_change,0.03851445003797184,0.008596316371930673,1816
all_ports_portcalls_dry_bulk,supramax,30,change_to_change,,0.01251782860489273,1815
all_ports_portcalls_dry_bulk,supramax,30,level_to_change,0.03533728260943678,0.020397275053549397,1816
all_ports_portcalls_dry_bulk,handy,30,change_to_change,,0.004035041229298291,1815
all_ports_portcalls_dry_bulk,handy,30,level_to_change,0.019439342145775494,0.016323412729856917,1816
dhamra_import_dry_bulk,cape,1,change_to_change,,0.011357273719082777,1394
dhamra_import_dry_bulk,cape,1,level_to_change,-0.018105596634951905,-0.0020045514914062597,1840
dhamra_import_dry_bulk,panamax,1,change_to_change,,0.008910820135550173,1394
dhamra_import_dry_bulk,panamax,1,level_to_change,0.01724822709472887,0.013733164139137935,1840
dhamra_import_dry_bulk,supramax,1,change_to_change,,0.019509451314765437,1394
dhamra_import_dry_bulk,supramax,1,level_to_change,-0.013779005170884932,0.0046227493198770725,1840
dhamra_import_dry_bulk,handy,1,change_to_change,,0.00421026675223065,1394
dhamra_import_dry_bulk,handy,1,level_to_change,-0.024045290574959487,-0.009505245704758122,1840
dhamra_import_dry_bulk,cape,3,change_to_change,,-0.008666997073549672,1394
dhamra_import_dry_bulk,cape,3,level_to_change,0.0240814993294282,-0.0016265229005462468,1840
dhamra_import_dry_bulk,panamax,3,change_to_change,,0.014925771694163564,1394
dhamra_import_dry_bulk,panamax,3,level_to_change,-0.010046632275586664,-0.0030217524874806305,1840
dhamra_import_dry_bulk,supramax,3,change_to_change,,-0.0007443408033188785,1394
dhamra_import_dry_bulk,supramax,3,level_to_change,-0.01585659934124929,-0.011064138869691266,1840
dhamra_import_dry_bulk,handy,3,change_to_change,,0.009414668962926816,1394
dhamra_import_dry_bulk,handy,3,level_to_change,-0.005838584899287598,-0.002982083449963165,1840
dhamra_import_dry_bulk,cape,7,change_to_change,,0.005929749021348221,1393
dhamra_import_dry_bulk,cape,7,level_to_change,-0.009487757761767138,-0.013888917753687984,1839
dhamra_import_dry_bulk,panamax,7,change_to_change,,0.004301561984812025,1393
dhamra_import_dry_bulk,panamax,7,level_to_change,-0.029363654711081696,-0.04308932582548432,1839
dhamra_import_dry_bulk,supramax,7,change_to_change,,0.003057489468367138,1393
dhamra_import_dry_bulk,supramax,7,level_to_change,0.004393050327540518,0.02189726040426872,1839
dhamra_import_dry_bulk,handy,7,change_to_change,,0.0028619174435879596,1393
dhamra_import_dry_bulk,handy,7,level_to_change,0.004759854320095749,0.002765075847748734,1839
dhamra_import_dry_bulk,cape,14,change_to_change,,-0.00027777689921245827,1387
dhamra_import_dry_bulk,cape,14,level_to_change,0.003693861785318003,-0.010254440805094408,1832
dhamra_import_dry_bulk,panamax,14,change_to_change,,0.0012106793314106653,1387
dhamra_import_dry_bulk,panamax,14,level_to_change,-0.017121554486717365,-0.033210180055674644,1832
dhamra_import_dry_bulk,supramax,14,change_to_change,,-0.00776097672182622,1387
dhamra_import_dry_bulk,supramax,14,level_to_change,-0.007697920649929781,-0.02438932237773444,1832
dhamra_import_dry_bulk,handy,14,change_to_change,,0.0003496904677318725,1387
dhamra_import_dry_bulk,handy,14,level_to_change,-0.014372061287539407,-0.012381628972952422,1832
dhamra_import_dry_bulk,cape,30,change_to_change,,0.03085819363248525,1372
dhamra_import_dry_bulk,cape,30,level_to_change,0.02283828794280751,0.00987676568345744,1816
dhamra_import_dry_bulk,panamax,30,change_to_change,,0.007033112263006047,1372
dhamra_import_dry_bulk,panamax,30,level_to_change,0.022738081716602278,-0.014955881838081135,1816
dhamra_import_dry_bulk,supramax,30,change_to_change,,0.007378321125331548,1372
dhamra_import_dry_bulk,supramax,30,level_to_change,0.005480361430897543,0.003611260030428483,1816
dhamra_import_dry_bulk,handy,30,change_to_change,,0.011526476756280388,1372
dhamra_import_dry_bulk,handy,30,level_to_change,0.011077890466453844,0.004884418181717196,1816
gopalpur_import_dry_bulk,cape,1,change_to_change,,-0.008702010560232913,590
gopalpur_import_dry_bulk,cape,1,level_to_change,0.015345618323154543,0.005496191775185481,1840
gopalpur_import_dry_bulk,panamax,1,change_to_change,,-0.02712423508143878,590
gopalpur_import_dry_bulk,panamax,1,level_to_change,-0.0012139008700933832,-0.031987588454920786,1840
gopalpur_import_dry_bulk,supramax,1,change_to_change,,-0.006773861035656751,590
gopalpur_import_dry_bulk,supramax,1,level_to_change,-0.008615763817976779,-0.020876693486651752,1840
gopalpur_import_dry_bulk,handy,1,change_to_change,,0.02914855103591521,590
gopalpur_import_dry_bulk,handy,1,level_to_change,0.006319777649561979,0.00043917633732129877,1840
gopalpur_import_dry_bulk,cape,3,change_to_change,,0.03677796299687374,590
gopalpur_import_dry_bulk,cape,3,level_to_change,-0.0037991738414038527,0.004295085001841069,1840
gopalpur_import_dry_bulk,panamax,3,change_to_change,,-0.003584194078888787,590
gopalpur_import_dry_bulk,panamax,3,level_to_change,0.0024347128185435093,-0.007729919173126763,1840
gopalpur_import_dry_bulk,supramax,3,change_to_change,,-0.014440171622066013,590
gopalpur_import_dry_bulk,supramax,3,level_to_change,-0.007457971424133045,-0.004421396773689071,1840
gopalpur_import_dry_bulk,handy,3,change_to_change,,0.0009538149471499003,590
gopalpur_import_dry_bulk,handy,3,level_to_change,-0.01299876217752334,-0.020120481208994668,1840
gopalpur_import_dry_bulk,cape,7,change_to_change,,0.004878627810378559,590
gopalpur_import_dry_bulk,cape,7,level_to_change,-0.0020916226503072868,-0.0028953838947212247,1839
gopalpur_import_dry_bulk,panamax,7,change_to_change,,0.004756125845278545,590
gopalpur_import_dry_bulk,panamax,7,level_to_change,-0.014256448967192926,0.0007755876284321199,1839
gopalpur_import_dry_bulk,supramax,7,change_to_change,,0.014549124465471115,590
gopalpur_import_dry_bulk,supramax,7,level_to_change,-0.007307098949423697,-0.015601307985562153,1839
gopalpur_import_dry_bulk,handy,7,change_to_change,,-0.009612429531927053,590
gopalpur_import_dry_bulk,handy,7,level_to_change,-0.0005503883682597228,-0.021861603357841278,1839
gopalpur_import_dry_bulk,cape,14,change_to_change,,0.03406519312726763,588
gopalpur_import_dry_bulk,cape,14,level_to_change,0.02764575156840181,0.0509636684470443,1832
gopalpur_import_dry_bulk,panamax,14,change_to_change,,-0.002317836807371886,588
gopalpur_import_dry_bulk,panamax,14,level_to_change,0.0031263713279242513,-0.0111222909241912,1832
gopalpur_import_dry_bulk,supramax,14,change_to_change,,0.0028265613707622655,588
gopalpur_import_dry_bulk,supramax,14,level_to_change,-0.01583168284383047,-0.0197599568137354,1832
gopalpur_import_dry_bulk,handy,14,change_to_change,,0.026400769205737296,588
gopalpur_import_dry_bulk,handy,14,level_to_change,0.007280054658057349,0.023881697623322706,1832
gopalpur_import_dry_bulk,cape,30,change_to_change,,-0.006292465344199657,584
gopalpur_import_dry_bulk,cape,30,level_to_change,-0.026872857878045484,-0.038268439419121954,1816
gopalpur_import_dry_bulk,panamax,30,change_to_change,,-0.011602939139572594,584
gopalpur_import_dry_bulk,panamax,30,level_to_change,-0.0026546436428207384,-0.01655357465207882,1816
gopalpur_import_dry_bulk,supramax,30,change_to_change,,0.02383161907182774,584
gopalpur_import_dry_bulk,supramax,30,level_to_change,0.02664682012281095,0.019343817140842833,1816
gopalpur_import_dry_bulk,handy,30,change_to_change,,0.007744691717323753,584
gopalpur_import_dry_bulk,handy,30,level_to_change,0.03168233059738928,0.018638673919092283,1816
haldia_import_dry_bulk,cape,1,change_to_change,,0.000851967322292352,1663
haldia_import_dry_bulk,cape,1,level_to_change,-0.03485627645003424,-0.016710289934715978,1840
haldia_import_dry_bulk,panamax,1,change_to_change,,-0.04195842060675273,1663
haldia_import_dry_bulk,panamax,1,level_to_change,-0.010450486206339621,-0.01938375215386988,1840
haldia_import_dry_bulk,supramax,1,change_to_change,,-0.014167708985871072,1663
haldia_import_dry_bulk,supramax,1,level_to_change,0.026393999244572336,0.016740202205589753,1840
haldia_import_dry_bulk,handy,1,change_to_change,,-0.024589972829893798,1663
haldia_import_dry_bulk,handy,1,level_to_change,-0.0003104644583788903,-0.011309393662347612,1840
haldia_import_dry_bulk,cape,3,change_to_change,,-0.010570544170324454,1663
haldia_import_dry_bulk,cape,3,level_to_change,-0.03719484584816801,-0.037761240108455885,1840
haldia_import_dry_bulk,panamax,3,change_to_change,,0.0011694154557529597,1663
haldia_import_dry_bulk,panamax,3,level_to_change,0.027449934170541986,0.02092935052271024,1840
haldia_import_dry_bulk,supramax,3,change_to_change,,0.007327347919630381,1663
haldia_import_dry_bulk,supramax,3,level_to_change,0.0023501792395892278,0.004860910924663703,1840
haldia_import_dry_bulk,handy,3,change_to_change,,0.0074410625005198,1663
haldia_import_dry_bulk,handy,3,level_to_change,-0.0032492978627993996,0.0006402819653008861,1840
haldia_import_dry_bulk,cape,7,change_to_change,,0.021743775499700288,1662
haldia_import_dry_bulk,cape,7,level_to_change,-0.03594387544782926,-0.03309754987732291,1839
haldia_import_dry_bulk,panamax,7,change_to_change,,-0.0017745350952054221,1662
haldia_import_dry_bulk,panamax,7,level_to_change,-0.019617445464976714,-0.020366678141543405,1839
haldia_import_dry_bulk,supramax,7,change_to_change,,0.00186990747289419,1662
haldia_import_dry_bulk,supramax,7,level_to_change,0.010593779726481997,0.0027988240066209435,1839
haldia_import_dry_bulk,handy,7,change_to_change,,0.011975120118256037,1662
haldia_import_dry_bulk,handy,7,level_to_change,-0.014626177593778883,-0.010188000492330216,1839
haldia_import_dry_bulk,cape,14,change_to_change,,-0.01127944958922794,1655
haldia_import_dry_bulk,cape,14,level_to_change,-0.007055457187165579,-0.007900715076848943,1832
haldia_import_dry_bulk,panamax,14,change_to_change,,0.01976091853504283,1655
haldia_import_dry_bulk,panamax,14,level_to_change,0.003986414347625861,0.009299852808884833,1832
haldia_import_dry_bulk,supramax,14,change_to_change,,0.0049500895848668715,1655
haldia_import_dry_bulk,supramax,14,level_to_change,0.00025954049639468485,-0.019846732225326093,1832
haldia_import_dry_bulk,handy,14,change_to_change,,0.0045842387561449,1655
haldia_import_dry_bulk,handy,14,level_to_change,-0.016879685922860453,-0.024516063874709445,1832
haldia_import_dry_bulk,cape,30,change_to_change,,0.0029707487584119054,1641
haldia_import_dry_bulk,cape,30,level_to_change,-0.03001641800403569,-0.016711308828857914,1816
haldia_import_dry_bulk,panamax,30,change_to_change,,0.0033481758023701756,1641
haldia_import_dry_bulk,panamax,30,level_to_change,0.012983063719745683,-0.00726095769749139,1816
haldia_import_dry_bulk,supramax,30,change_to_change,,0.00011576755904648913,1641
haldia_import_dry_bulk,supramax,30,level_to_change,0.007881589613867715,0.004037267656713891,1816
haldia_import_dry_bulk,handy,30,change_to_change,,0.015761615999623214,1641
haldia_import_dry_bulk,handy,30,level_to_change,0.004750010400493955,0.01970057020602488,1816
paradip_import_dry_bulk,cape,1,change_to_change,,0.017955382578331007,1759
paradip_import_dry_bulk,cape,1,level_to_change,0.0015754520628126236,0.0227518274072796,1840
paradip_import_dry_bulk,panamax,1,change_to_change,,0.006406835085294516,1759
paradip_import_dry_bulk,panamax,1,level_to_change,-0.0014411618746791202,0.0012993554362006558,1840
paradip_import_dry_bulk,supramax,1,change_to_change,,-0.0035350365923292907,1759
paradip_import_dry_bulk,supramax,1,level_to_change,-0.018584233888117505,-0.01520578974384706,1840
paradip_import_dry_bulk,handy,1,change_to_change,,-0.011541198328759385,1759
paradip_import_dry_bulk,handy,1,level_to_change,-0.021779146793153792,-0.022515971822493125,1840
paradip_import_dry_bulk,cape,3,change_to_change,,0.026289741454615163,1759
paradip_import_dry_bulk,cape,3,level_to_change,0.011531986275715056,0.027258897372503445,1840
paradip_import_dry_bulk,panamax,3,change_to_change,,0.011940258349706832,1759
paradip_import_dry_bulk,panamax,3,level_to_change,-0.013552771776837565,-0.00942634554930643,1840
paradip_import_dry_bulk,supramax,3,change_to_change,,-0.015916734714397515,1759
paradip_import_dry_bulk,supramax,3,level_to_change,-0.037669886915389895,-0.028884900013073797,1840
paradip_import_dry_bulk,handy,3,change_to_change,,0.0007593310448171051,1759
paradip_import_dry_bulk,handy,3,level_to_change,-0.02861275774046442,-0.025622644810270302,1840
paradip_import_dry_bulk,cape,7,change_to_change,,0.012193405433247,1758
paradip_import_dry_bulk,cape,7,level_to_change,0.036252909280659044,0.04947234350696622,1839
paradip_import_dry_bulk,panamax,7,change_to_change,,0.011931734999110419,1758
paradip_import_dry_bulk,panamax,7,level_to_change,0.0018569968981405243,0.006550622043251511,1839
paradip_import_dry_bulk,supramax,7,change_to_change,,-0.005603806330167265,1758
paradip_import_dry_bulk,supramax,7,level_to_change,-0.028834059426044927,-0.023794190571093627,1839
paradip_import_dry_bulk,handy,7,change_to_change,,-0.00264262515197629,1758
paradip_import_dry_bulk,handy,7,level_to_change,-0.022021902545890887,-0.027474667131937497,1839
paradip_import_dry_bulk,cape,14,change_to_change,,-0.0031826712293148325,1751
paradip_import_dry_bulk,cape,14,level_to_change,-0.006941442799814783,-0.01833135954877453,1832
paradip_import_dry_bulk,panamax,14,change_to_change,,0.0072192055311343295,1751
paradip_import_dry_bulk,panamax,14,level_to_change,0.00048807411351089666,-0.022442984958716567,1832
paradip_import_dry_bulk,supramax,14,change_to_change,,-0.004348433288308533,1751
paradip_import_dry_bulk,supramax,14,level_to_change,0.013106486124445033,0.0012548284138808215,1832
paradip_import_dry_bulk,handy,14,change_to_change,,-0.005122951667792176,1751
paradip_import_dry_bulk,handy,14,level_to_change,0.0074138436892803306,-0.011624271243933174,1832
paradip_import_dry_bulk,cape,30,change_to_change,,0.01422161936255942,1735
paradip_import_dry_bulk,cape,30,level_to_change,-0.010722228147292423,0.016092764437828953,1816
paradip_import_dry_bulk,panamax,30,change_to_change,,0.009428779412858086,1735
paradip_import_dry_bulk,panamax,30,level_to_change,0.0019472333065455273,0.015130208227256733,1816
paradip_import_dry_bulk,supramax,30,change_to_change,,0.019735817974964914,1735
paradip_import_dry_bulk,supramax,30,level_to_change,0.027183921685348642,0.006283983163614388,1816
paradip_import_dry_bulk,handy,30,change_to_change,,-0.012310211436029991,1735
paradip_import_dry_bulk,handy,30,level_to_change,-0.022767249631931098,-0.02938548509852769,1816
vizag_import_dry_bulk,cape,1,change_to_change,,-0.007022223813466483,1807
vizag_import_dry_bulk,cape,1,level_to_change,-0.028571305872463204,-0.047708328750651445,1840
vizag_import_dry_bulk,panamax,1,change_to_change,,0.003422232248028044,1807
vizag_import_dry_bulk,panamax,1,level_to_change,-0.020611940188355507,-0.0463068599350731,1840
vizag_import_dry_bulk,supramax,1,change_to_change,,0.004918499179474617,1807
vizag_import_dry_bulk,supramax,1,level_to_change,-0.030963447035556816,-0.03289613998199551,1840
vizag_import_dry_bulk,handy,1,change_to_change,,-0.0036792518829103895,1807
vizag_import_dry_bulk,handy,1,level_to_change,-0.018128346465233577,-0.02970177908897795,1840
vizag_import_dry_bulk,cape,3,change_to_change,,-0.02758585896855808,1807
vizag_import_dry_bulk,cape,3,level_to_change,-0.024992412024401986,-0.020328084362186128,1840
vizag_import_dry_bulk,panamax,3,change_to_change,,-0.02534821481807577,1807
vizag_import_dry_bulk,panamax,3,level_to_change,-0.026241973402205823,-0.019729137411735823,1840
vizag_import_dry_bulk,supramax,3,change_to_change,,0.005162418265092505,1807
vizag_import_dry_bulk,supramax,3,level_to_change,0.010704328125397372,0.007717989465513374,1840
vizag_import_dry_bulk,handy,3,change_to_change,,-0.004618580834739128,1807
vizag_import_dry_bulk,handy,3,level_to_change,-0.002275788330487836,-0.008773237174011876,1840
vizag_import_dry_bulk,cape,7,change_to_change,,0.009008866360714457,1806
vizag_import_dry_bulk,cape,7,level_to_change,-0.027346924009680078,-0.03173810934038304,1839
vizag_import_dry_bulk,panamax,7,change_to_change,,0.02056611703548749,1806
vizag_import_dry_bulk,panamax,7,level_to_change,-0.04756988759289925,-0.05208615791900185,1839
vizag_import_dry_bulk,supramax,7,change_to_change,,0.022222253886481236,1806
vizag_import_dry_bulk,supramax,7,level_to_change,-0.05617478504763711,-0.05068690987591492,1839
vizag_import_dry_bulk,handy,7,change_to_change,,0.032623279215393874,1806
vizag_import_dry_bulk,handy,7,level_to_change,-0.03808542733682127,-0.0249273985833641,1839
vizag_import_dry_bulk,cape,14,change_to_change,,0.014946814626734528,1799
vizag_import_dry_bulk,cape,14,level_to_change,0.027570812718259154,0.03051004335110781,1832
vizag_import_dry_bulk,panamax,14,change_to_change,,-0.008943070934698512,1799
vizag_import_dry_bulk,panamax,14,level_to_change,-0.01892123649766358,-0.022021456270423546,1832
vizag_import_dry_bulk,supramax,14,change_to_change,,0.0001241523241006605,1799
vizag_import_dry_bulk,supramax,14,level_to_change,-0.019781076561899764,-0.028581899959056346,1832
vizag_import_dry_bulk,handy,14,change_to_change,,-0.006329833761332819,1799
vizag_import_dry_bulk,handy,14,level_to_change,-0.030533215069914705,-0.04838173524381564,1832
vizag_import_dry_bulk,cape,30,change_to_change,,-0.01614297040692629,1783
vizag_import_dry_bulk,cape,30,level_to_change,0.006514452608857117,-0.012904634453727557,1816
vizag_import_dry_bulk,panamax,30,change_to_change,,0.005892018981069707,1783
vizag_import_dry_bulk,panamax,30,level_to_change,0.024795724651561733,0.012298758447397647,1816
vizag_import_dry_bulk,supramax,30,change_to_change,,0.0001631224408276902,1783
vizag_import_dry_bulk,supramax,30,level_to_change,0.03581298525672759,0.03985079195909989,1816
vizag_import_dry_bulk,handy,30,change_to_change,,-0.006556327670045293,1783
vizag_import_dry_bulk,handy,30,level_to_change,0.030679021213679505,0.03256974002821191,1816
all_ports_import_dry_bulk,cape,1,change_to_change,,0.0027294074622323935,1839
all_ports_import_dry_bulk,cape,1,level_to_change,-0.03400645169838457,-0.022219081639188027,1840
all_ports_import_dry_bulk,panamax,1,change_to_change,,-0.008051806026112777,1839
all_ports_import_dry_bulk,panamax,1,level_to_change,-0.01054465695887754,-0.026963000213243913,1840
all_ports_import_dry_bulk,supramax,1,change_to_change,,-0.0012578144453086232,1839
all_ports_import_dry_bulk,supramax,1,level_to_change,-0.026242553621071897,-0.026426461290755838,1840
all_ports_import_dry_bulk,handy,1,change_to_change,,-0.0061084161068145565,1839
all_ports_import_dry_bulk,handy,1,level_to_change,-0.02966173117115158,-0.037864068182319126,1840
all_ports_import_dry_bulk,cape,3,change_to_change,,-0.00470727592397931,1839
all_ports_import_dry_bulk,cape,3,level_to_change,-0.014117280333214865,-0.022485576158018612,1840
all_ports_import_dry_bulk,panamax,3,change_to_change,,-0.00961549624126798,1839
all_ports_import_dry_bulk,panamax,3,level_to_change,-0.017644830290834627,-0.016700793532677127,1840
all_ports_import_dry_bulk,supramax,3,change_to_change,,0.0044234424740592524,1839
all_ports_import_dry_bulk,supramax,3,level_to_change,-0.015404081791604083,-0.005980519747142542,1840
all_ports_import_dry_bulk,handy,3,change_to_change,,0.009706103998217084,1839
all_ports_import_dry_bulk,handy,3,level_to_change,-0.018628356901508887,-0.017670736915000387,1840
all_ports_import_dry_bulk,cape,7,change_to_change,,0.023049124800979554,1838
all_ports_import_dry_bulk,cape,7,level_to_change,-0.018226534453970857,-0.02199464567150625,1839
all_ports_import_dry_bulk,panamax,7,change_to_change,,0.012647187177326583,1838
all_ports_import_dry_bulk,panamax,7,level_to_change,-0.050220550318103685,-0.06090031173755306,1839
all_ports_import_dry_bulk,supramax,7,change_to_change,,0.005653338928171153,1838
all_ports_import_dry_bulk,supramax,7,level_to_change,-0.04439256465326828,-0.04810390850071505,1839
all_ports_import_dry_bulk,handy,7,change_to_change,,0.019695811193408363,1838
all_ports_import_dry_bulk,handy,7,level_to_change,-0.03668781726814682,-0.03616944949330029,1839
all_ports_import_dry_bulk,cape,14,change_to_change,,0.0117190775885231,1831
all_ports_import_dry_bulk,cape,14,level_to_change,0.018289735170761302,0.010197170323000125,1832
all_ports_import_dry_bulk,panamax,14,change_to_change,,0.0049117959014360404,1831
all_ports_import_dry_bulk,panamax,14,level_to_change,-0.017243993637320522,-0.03380819065691971,1832
all_ports_import_dry_bulk,supramax,14,change_to_change,,-0.0008973341139005322,1831
all_ports_import_dry_bulk,supramax,14,level_to_change,-0.012720491607144415,-0.03841216236018039,1832
all_ports_import_dry_bulk,handy,14,change_to_change,,-0.008254549139498808,1831
all_ports_import_dry_bulk,handy,14,level_to_change,-0.02682165058062492,-0.04983063069505315,1832
all_ports_import_dry_bulk,cape,30,change_to_change,,-0.003406950485663358,1815
all_ports_import_dry_bulk,cape,30,level_to_change,-0.004442955328835117,-0.00489064242643043,1816
all_ports_import_dry_bulk,panamax,30,change_to_change,,0.01697157549979126,1815
all_ports_import_dry_bulk,panamax,30,level_to_change,0.02975190632250719,0.005473336853600366,1816
all_ports_import_dry_bulk,supramax,30,change_to_change,,0.015125568503609983,1815
all_ports_import_dry_bulk,supramax,30,level_to_change,0.043031577825645914,0.036043363812889216,1816
all_ports_import_dry_bulk,handy,30,change_to_change,,0.0009875644949703883,1815
all_ports_import_dry_bulk,handy,30,level_to_change,0.02104995565731197,0.030054025896357153,1816
dhamra_export_dry_bulk,cape,1,change_to_change,,-0.020500696057641748,1311
dhamra_export_dry_bulk,cape,1,level_to_change,-0.004657841935954915,-0.019062782016220893,1840
dhamra_export_dry_bulk,panamax,1,change_to_change,,0.002550422446238812,1311
dhamra_export_dry_bulk,panamax,1,level_to_change,-0.01710468988645414,-0.0031559946698610265,1840
dhamra_export_dry_bulk,supramax,1,change_to_change,,0.007369384362724395,1311
dhamra_export_dry_bulk,supramax,1,level_to_change,0.0022328816239808097,-0.012406955653550208,1840
dhamra_export_dry_bulk,handy,1,change_to_change,,-0.02962280484962648,1311
dhamra_export_dry_bulk,handy,1,level_to_change,-0.021927864621720205,-0.04392759765168622,1840
dhamra_export_dry_bulk,cape,3,change_to_change,,-0.001287097979328332,1311
dhamra_export_dry_bulk,cape,3,level_to_change,0.020406448539169304,0.025333016940741793,1840
dhamra_export_dry_bulk,panamax,3,change_to_change,,-0.0005710004392412552,1311
dhamra_export_dry_bulk,panamax,3,level_to_change,0.014654834924894162,0.014487400815652583,1840
dhamra_export_dry_bulk,supramax,3,change_to_change,,-0.008252164636950122,1311
dhamra_export_dry_bulk,supramax,3,level_to_change,0.0046092425083527275,-0.012477480491788154,1840
dhamra_export_dry_bulk,handy,3,change_to_change,,0.0025914203557928215,1311
dhamra_export_dry_bulk,handy,3,level_to_change,0.0006556374610221724,-0.0077399931726443594,1840
dhamra_export_dry_bulk,cape,7,change_to_change,,-0.02432580825000051,1310
dhamra_export_dry_bulk,cape,7,level_to_change,0.024893475309393717,0.015309915359467277,1839
dhamra_export_dry_bulk,panamax,7,change_to_change,,-0.02375347960900276,1310
dhamra_export_dry_bulk,panamax,7,level_to_change,0.03249639224421725,0.031418909573004423,1839
dhamra_export_dry_bulk,supramax,7,change_to_change,,0.0037020741148108905,1310
dhamra_export_dry_bulk,supramax,7,level_to_change,0.03232515943340157,0.026018778188034806,1839
dhamra_export_dry_bulk,handy,7,change_to_change,,-0.011899079811048813,1310
dhamra_export_dry_bulk,handy,7,level_to_change,0.007261585502150591,0.010900352282788649,1839
dhamra_export_dry_bulk,cape,14,change_to_change,,-0.0015717157949626344,1305
dhamra_export_dry_bulk,cape,14,level_to_change,0.012117315613171004,0.0027609802623205122,1832
dhamra_export_dry_bulk,panamax,14,change_to_change,,0.013295214793005614,1305
dhamra_export_dry_bulk,panamax,14,level_to_change,6.562653928792253e-05,0.004206313893883325,1832
dhamra_export_dry_bulk,supramax,14,change_to_change,,-0.0021055420824005557,1305
dhamra_export_dry_bulk,supramax,14,level_to_change,0.01791103508724556,0.021687729390176734,1832
dhamra_export_dry_bulk,handy,14,change_to_change,,0.014643971810401547,1305
dhamra_export_dry_bulk,handy,14,level_to_change,0.02499588152345735,0.01844215836281282,1832
dhamra_export_dry_bulk,cape,30,change_to_change,,0.012623451390336746,1291
dhamra_export_dry_bulk,cape,30,level_to_change,0.02016084913307354,0.014174449273112403,1816
dhamra_export_dry_bulk,panamax,30,change_to_change,,0.0042861815789043385,1291
dhamra_export_dry_bulk,panamax,30,level_to_change,0.025303483956191322,0.007394721479465434,1816
dhamra_export_dry_bulk,supramax,30,change_to_change,,-0.017091032660328305,1291
dhamra_export_dry_bulk,supramax,30,level_to_change,-0.0010375508910959886,-0.0214548945047607,1816
dhamra_export_dry_bulk,handy,30,change_to_change,,-0.017579237724646774,1291
dhamra_export_dry_bulk,handy,30,level_to_change,0.02525645887308138,-0.0031036523420912643,1816
gopalpur_export_dry_bulk,cape,1,change_to_change,,-0.0014534761997953788,596
gopalpur_export_dry_bulk,cape,1,level_to_change,0.04546229948989031,0.02775124361036391,1840
gopalpur_export_dry_bulk,panamax,1,change_to_change,,-0.02524640639418078,596
gopalpur_export_dry_bulk,panamax,1,level_to_change,0.01784144156912601,0.0015936206590590944,1840
gopalpur_export_dry_bulk,supramax,1,change_to_change,,-0.00036119682383550393,596
gopalpur_export_dry_bulk,supramax,1,level_to_change,0.0047603340829897485,-0.0007400742245483838,1840
gopalpur_export_dry_bulk,handy,1,change_to_change,,0.010152316717309706,596
gopalpur_export_dry_bulk,handy,1,level_to_change,0.011802925968432496,0.021390121246596543,1840
gopalpur_export_dry_bulk,cape,3,change_to_change,,-0.02334798941396145,596
gopalpur_export_dry_bulk,cape,3,level_to_change,-0.003013675236447364,-0.005131471513887181,1840
gopalpur_export_dry_bulk,panamax,3,change_to_change,,-0.005502443466981278,596
gopalpur_export_dry_bulk,panamax,3,level_to_change,0.026186016259363447,0.03168577741069464,1840
gopalpur_export_dry_bulk,supramax,3,change_to_change,,-0.046015005405782274,596
gopalpur_export_dry_bulk,supramax,3,level_to_change,0.004802868707992436,-0.008967695255663207,1840
gopalpur_export_dry_bulk,handy,3,change_to_change,,-0.007767913925830669,596
gopalpur_export_dry_bulk,handy,3,level_to_change,0.008885093013556056,0.007461796841117333,1840
gopalpur_export_dry_bulk,cape,7,change_to_change,,-0.054938261135172486,596
gopalpur_export_dry_bulk,cape,7,level_to_change,0.00805610123904409,-0.008958680791376903,1839
gopalpur_export_dry_bulk,panamax,7,change_to_change,,-0.006777844146231141,596
gopalpur_export_dry_bulk,panamax,7,level_to_change,0.0022972047581558217,-0.015822775275412843,1839
gopalpur_export_dry_bulk,supramax,7,change_to_change,,0.011821052079126895,596
gopalpur_export_dry_bulk,supramax,7,level_to_change,0.004359142813336596,-0.003684642884535022,1839
gopalpur_export_dry_bulk,handy,7,change_to_change,,-0.020672647996987665,596
gopalpur_export_dry_bulk,handy,7,level_to_change,-0.007169904555299124,0.006920364151120209,1839
gopalpur_export_dry_bulk,cape,14,change_to_change,,0.03501458940757797,594
gopalpur_export_dry_bulk,cape,14,level_to_change,0.005956883931296642,0.03323845262193973,1832
gopalpur_export_dry_bulk,panamax,14,change_to_change,,0.020748381058640807,594
gopalpur_export_dry_bulk,panamax,14,level_to_change,0.025609952189077013,0.01637651074899209,1832
gopalpur_export_dry_bulk,supramax,14,change_to_change,,0.0146492961686554,594
gopalpur_export_dry_bulk,supramax,14,level_to_change,0.03301704019424567,0.04258802222632163,1832
gopalpur_export_dry_bulk,handy,14,change_to_change,,-0.00028827855423664415,594
gopalpur_export_dry_bulk,handy,14,level_to_change,0.03761024540795093,0.05127960713695507,1832
gopalpur_export_dry_bulk,cape,30,change_to_change,,0.004597007541027669,593
gopalpur_export_dry_bulk,cape,30,level_to_change,-0.0027794921091517516,0.012017752131809424,1816
gopalpur_export_dry_bulk,panamax,30,change_to_change,,-0.01983263827945464,593
gopalpur_export_dry_bulk,panamax,30,level_to_change,-0.017811494473397464,-0.02025596799592623,1816
gopalpur_export_dry_bulk,supramax,30,change_to_change,,-0.0018469019889725976,593
gopalpur_export_dry_bulk,supramax,30,level_to_change,-0.017480860142318793,-0.0015419349752835748,1816
gopalpur_export_dry_bulk,handy,30,change_to_change,,0.018366726655515316,593
gopalpur_export_dry_bulk,handy,30,level_to_change,-0.0009137848158835716,0.016352354262688665,1816
haldia_export_dry_bulk,cape,1,change_to_change,,0.007448541467814451,1159
haldia_export_dry_bulk,cape,1,level_to_change,-0.013293581950300979,0.010056416866362758,1840
haldia_export_dry_bulk,panamax,1,change_to_change,,-0.004610828642775127,1159
haldia_export_dry_bulk,panamax,1,level_to_change,0.004496166771432121,-0.006038726058084789,1840
haldia_export_dry_bulk,supramax,1,change_to_change,,-0.0030790542773324408,1159
haldia_export_dry_bulk,supramax,1,level_to_change,-0.013149629981098516,0.0012043933858625186,1840
haldia_export_dry_bulk,handy,1,change_to_change,,0.006267793560005804,1159
haldia_export_dry_bulk,handy,1,level_to_change,-0.02136177188133831,-0.0009430156169362581,1840
haldia_export_dry_bulk,cape,3,change_to_change,,0.029050654913865877,1159
haldia_export_dry_bulk,cape,3,level_to_change,0.013063863801582493,0.01686176980642289,1840
haldia_export_dry_bulk,panamax,3,change_to_change,,0.030271945458039844,1159
haldia_export_dry_bulk,panamax,3,level_to_change,-0.00830192017023938,0.0031179765347028416,1840
haldia_export_dry_bulk,supramax,3,change_to_change,,0.015296517090118299,1159
haldia_export_dry_bulk,supramax,3,level_to_change,-0.003503042861823978,0.010997343025239931,1840
haldia_export_dry_bulk,handy,3,change_to_change,,-0.018286586056211564,1159
haldia_export_dry_bulk,handy,3,level_to_change,0.0004574338779391677,-0.008773039073133924,1840
haldia_export_dry_bulk,cape,7,change_to_change,,0.010819558662419774,1158
haldia_export_dry_bulk,cape,7,level_to_change,0.028813518316810064,0.02468711862967544,1839
haldia_export_dry_bulk,panamax,7,change_to_change,,-0.007558538255809886,1158
haldia_export_dry_bulk,panamax,7,level_to_change,-0.009108354438143059,0.00344537653982272,1839
haldia_export_dry_bulk,supramax,7,change_to_change,,-0.004226642661564533,1158
haldia_export_dry_bulk,supramax,7,level_to_change,0.015878068260938766,0.018499154816495948,1839
haldia_export_dry_bulk,handy,7,change_to_change,,0.0014745987281087327,1158
haldia_export_dry_bulk,handy,7,level_to_change,0.050274733942106006,0.03934082122111309,1839
haldia_export_dry_bulk,cape,14,change_to_change,,-0.024010971332985177,1154
haldia_export_dry_bulk,cape,14,level_to_change,-0.01060414486022657,-0.04288389395703573,1832
haldia_export_dry_bulk,panamax,14,change_to_change,,0.006059307551521963,1154
haldia_export_dry_bulk,panamax,14,level_to_change,0.015587044291503744,0.020461332075544014,1832
haldia_export_dry_bulk,supramax,14,change_to_change,,0.015105457726398652,1154
haldia_export_dry_bulk,supramax,14,level_to_change,0.023256651103281564,0.022729991896659574,1832
haldia_export_dry_bulk,handy,14,change_to_change,,-0.007930930791963192,1154
haldia_export_dry_bulk,handy,14,level_to_change,0.025284792151449863,0.009987967007523359,1832
haldia_export_dry_bulk,cape,30,change_to_change,,0.006346631917083459,1149
haldia_export_dry_bulk,cape,30,level_to_change,-0.0037106500320892603,-0.0010846001271215407,1816
haldia_export_dry_bulk,panamax,30,change_to_change,,0.016239626475884946,1149
haldia_export_dry_bulk,panamax,30,level_to_change,0.035230568294288715,0.003117626255241417,1816
haldia_export_dry_bulk,supramax,30,change_to_change,,0.00573996133350319,1149
haldia_export_dry_bulk,supramax,30,level_to_change,0.01573247080797041,0.025269408012816835,1816
haldia_export_dry_bulk,handy,30,change_to_change,,0.015601656208427026,1149
haldia_export_dry_bulk,handy,30,level_to_change,0.024822754921296028,0.009779336373589872,1816
paradip_export_dry_bulk,cape,1,change_to_change,,-0.0007153768264659414,1792
paradip_export_dry_bulk,cape,1,level_to_change,-0.012976198438851541,-0.008105440829917517,1840
paradip_export_dry_bulk,panamax,1,change_to_change,,0.0059780755590760045,1792
paradip_export_dry_bulk,panamax,1,level_to_change,0.01696064498177843,0.0129922403058183,1840
paradip_export_dry_bulk,supramax,1,change_to_change,,0.011298815950607806,1792
paradip_export_dry_bulk,supramax,1,level_to_change,0.012992464133412207,0.02157996025002391,1840
paradip_export_dry_bulk,handy,1,change_to_change,,-0.00433934052537791,1792
paradip_export_dry_bulk,handy,1,level_to_change,0.015009228170573713,0.02732037944955933,1840
paradip_export_dry_bulk,cape,3,change_to_change,,0.012540773181868801,1792
paradip_export_dry_bulk,cape,3,level_to_change,0.052088287725572543,0.044021081273079236,1840
paradip_export_dry_bulk,panamax,3,change_to_change,,0.009480209405347625,1792
paradip_export_dry_bulk,panamax,3,level_to_change,0.036295091728989516,0.029387206918282963,1840
paradip_export_dry_bulk,supramax,3,change_to_change,,0.005801940337104664,1792
paradip_export_dry_bulk,supramax,3,level_to_change,0.03241580097218629,0.022927756074370437,1840
paradip_export_dry_bulk,handy,3,change_to_change,,0.0072205169038349086,1792
paradip_export_dry_bulk,handy,3,level_to_change,0.0539394248189132,0.04870972509949262,1840
paradip_export_dry_bulk,cape,7,change_to_change,,-0.006104061833079446,1791
paradip_export_dry_bulk,cape,7,level_to_change,0.022792414520875427,0.034008215914001626,1839
paradip_export_dry_bulk,panamax,7,change_to_change,,-0.013274399181298793,1791
paradip_export_dry_bulk,panamax,7,level_to_change,-0.005713138958971017,0.010372674816851555,1839
paradip_export_dry_bulk,supramax,7,change_to_change,,0.018217416300811102,1791
paradip_export_dry_bulk,supramax,7,level_to_change,0.011749944942797585,0.02766450295989534,1839
paradip_export_dry_bulk,handy,7,change_to_change,,0.009711607839215507,1791
paradip_export_dry_bulk,handy,7,level_to_change,-0.0027139599296314727,0.029715395500710683,1839
paradip_export_dry_bulk,cape,14,change_to_change,,-0.009246311069979604,1784
paradip_export_dry_bulk,cape,14,level_to_change,0.016164462500213774,0.03237103944234716,1832
paradip_export_dry_bulk,panamax,14,change_to_change,,0.005772627428079354,1784
paradip_export_dry_bulk,panamax,14,level_to_change,0.0073906724279149,-0.009666723399390993,1832
paradip_export_dry_bulk,supramax,14,change_to_change,,0.015431302385212347,1784
paradip_export_dry_bulk,supramax,14,level_to_change,0.01795407163590613,0.00523518452415363,1832
paradip_export_dry_bulk,handy,14,change_to_change,,-0.001503903681865179,1784
paradip_export_dry_bulk,handy,14,level_to_change,-0.007040538429972137,-0.008358878403761509,1832
paradip_export_dry_bulk,cape,30,change_to_change,,-0.0014818502898237653,1768
paradip_export_dry_bulk,cape,30,level_to_change,0.010692499681058369,0.0037368621899268226,1816
paradip_export_dry_bulk,panamax,30,change_to_change,,-0.004928825317336413,1768
paradip_export_dry_bulk,panamax,30,level_to_change,0.006296231299471007,-0.006971520210589976,1816
paradip_export_dry_bulk,supramax,30,change_to_change,,0.009116899600487586,1768
paradip_export_dry_bulk,supramax,30,level_to_change,0.007118706935371373,0.006668920591634336,1816
paradip_export_dry_bulk,handy,30,change_to_change,,0.0048220510820155315,1768
paradip_export_dry_bulk,handy,30,level_to_change,0.005316192106632161,0.009055078200036646,1816
vizag_export_dry_bulk,cape,1,change_to_change,,0.019015697793885806,1773
vizag_export_dry_bulk,cape,1,level_to_change,0.002065680225326153,0.008804278590344215,1840
vizag_export_dry_bulk,panamax,1,change_to_change,,-0.0008167658179717535,1773
vizag_export_dry_bulk,panamax,1,level_to_change,0.009522342668552418,-0.007747729424135323,1840
vizag_export_dry_bulk,supramax,1,change_to_change,,-0.02543785263403284,1773
vizag_export_dry_bulk,supramax,1,level_to_change,-0.009772405991885858,0.0048037948664968995,1840
vizag_export_dry_bulk,handy,1,change_to_change,,-0.011450030539697148,1773
vizag_export_dry_bulk,handy,1,level_to_change,0.017310936438374353,0.03427343836966207,1840
vizag_export_dry_bulk,cape,3,change_to_change,,-0.006463774579215075,1773
vizag_export_dry_bulk,cape,3,level_to_change,0.016368582003986824,0.009895243941754412,1840
vizag_export_dry_bulk,panamax,3,change_to_change,,-0.0072822983032689295,1773
vizag_export_dry_bulk,panamax,3,level_to_change,0.006963986869577486,-0.008562669031217145,1840
vizag_export_dry_bulk,supramax,3,change_to_change,,-0.003587553891485215,1773
vizag_export_dry_bulk,supramax,3,level_to_change,0.028755564637576232,0.018492339652363226,1840
vizag_export_dry_bulk,handy,3,change_to_change,,0.0055648907065586825,1773
vizag_export_dry_bulk,handy,3,level_to_change,0.047612627484364636,0.038055203642184274,1840
vizag_export_dry_bulk,cape,7,change_to_change,,0.05404925756873604,1772
vizag_export_dry_bulk,cape,7,level_to_change,0.0461617718177063,0.05736763880926554,1839
vizag_export_dry_bulk,panamax,7,change_to_change,,0.03159963293030851,1772
vizag_export_dry_bulk,panamax,7,level_to_change,0.02835977738822732,0.050118235136041044,1839
vizag_export_dry_bulk,supramax,7,change_to_change,,0.0023228864837353523,1772
vizag_export_dry_bulk,supramax,7,level_to_change,0.05852412588551144,0.07016625653701748,1839
vizag_export_dry_bulk,handy,7,change_to_change,,0.016302559506560593,1772
vizag_export_dry_bulk,handy,7,level_to_change,0.06953402642532164,0.08069675372281822,1839
vizag_export_dry_bulk,cape,14,change_to_change,,0.01970467532157082,1765
vizag_export_dry_bulk,cape,14,level_to_change,0.02907256062154135,0.027008851197941035,1832
vizag_export_dry_bulk,panamax,14,change_to_change,,0.013629625739327996,1765
vizag_export_dry_bulk,panamax,14,level_to_change,0.033621688041159725,0.01846553400132624,1832
vizag_export_dry_bulk,supramax,14,change_to_change,,-0.011896300225653876,1765
vizag_export_dry_bulk,supramax,14,level_to_change,0.030082307117135478,0.024975737529133544,1832
vizag_export_dry_bulk,handy,14,change_to_change,,-0.015239924812031415,1765
vizag_export_dry_bulk,handy,14,level_to_change,0.024993197225148735,0.013851039742610045,1832
vizag_export_dry_bulk,cape,30,change_to_change,,0.0098277330380005,1749
vizag_export_dry_bulk,cape,30,level_to_change,-0.0029848183744158267,-0.006836144110161325,1816
vizag_export_dry_bulk,panamax,30,change_to_change,,0.028853390260063477,1749
vizag_export_dry_bulk,panamax,30,level_to_change,0.030100210537177173,0.02721415625605167,1816
vizag_export_dry_bulk,supramax,30,change_to_change,,0.0043583977675828,1749
vizag_export_dry_bulk,supramax,30,level_to_change,0.011887007791420452,0.028362929443484296,1816
vizag_export_dry_bulk,handy,30,change_to_change,,0.00892539307889581,1749
vizag_export_dry_bulk,handy,30,level_to_change,0.02597326601166699,0.03640642397779751,1816
all_ports_export_dry_bulk,cape,1,change_to_change,,-0.006462288506801558,1839
all_ports_export_dry_bulk,cape,1,level_to_change,-0.0037683323439568865,-0.0006611948736375696,1840
all_ports_export_dry_bulk,panamax,1,change_to_change,,-0.0024028406441178192,1839
all_ports_export_dry_bulk,panamax,1,level_to_change,0.015529671126275808,0.006894831148352382,1840
all_ports_export_dry_bulk,supramax,1,change_to_change,,-0.014405259060933151,1839
all_ports_export_dry_bulk,supramax,1,level_to_change,0.0036841995488450605,0.012208020108215374,1840
all_ports_export_dry_bulk,handy,1,change_to_change,,-0.02643205610478834,1839
all_ports_export_dry_bulk,handy,1,level_to_change,0.011635989218004232,0.022234717811241762,1840
all_ports_export_dry_bulk,cape,3,change_to_change,,0.0013069209685687842,1839
all_ports_export_dry_bulk,cape,3,level_to_change,0.05223535078881023,0.0502889736840408,1840
all_ports_export_dry_bulk,panamax,3,change_to_change,,0.0013705827708043752,1839
all_ports_export_dry_bulk,panamax,3,level_to_change,0.036421385154308226,0.03319115482837526,1840
all_ports_export_dry_bulk,supramax,3,change_to_change,,-0.01594193588535686,1839
all_ports_export_dry_bulk,supramax,3,level_to_change,0.03880253244732468,0.03072579087570581,1840
all_ports_export_dry_bulk,handy,3,change_to_change,,-0.004883493814951437,1839
all_ports_export_dry_bulk,handy,3,level_to_change,0.06356111425005316,0.05887197766538326,1840
all_ports_export_dry_bulk,cape,7,change_to_change,,0.0044834490353190225,1838
all_ports_export_dry_bulk,cape,7,level_to_change,0.05208600784540024,0.061217371461446755,1839
all_ports_export_dry_bulk,panamax,7,change_to_change,,-0.00027110831032807004,1838
all_ports_export_dry_bulk,panamax,7,level_to_change,0.01844726971707568,0.03846658393628224,1839
all_ports_export_dry_bulk,supramax,7,change_to_change,,0.009341157952604227,1838
all_ports_export_dry_bulk,supramax,7,level_to_change,0.049985581908533666,0.06470348874489992,1839
all_ports_export_dry_bulk,handy,7,change_to_change,,0.002879813086984667,1838
all_ports_export_dry_bulk,handy,7,level_to_change,0.04146901931881781,0.07233797289757112,1839
all_ports_export_dry_bulk,cape,14,change_to_change,,0.0005253682864946546,1831
all_ports_export_dry_bulk,cape,14,level_to_change,0.028766295423188686,0.040070076616018996,1832
all_ports_export_dry_bulk,panamax,14,change_to_change,,0.0050193357788269125,1831
all_ports_export_dry_bulk,panamax,14,level_to_change,0.028818934660066197,0.007376382479999069,1832
all_ports_export_dry_bulk,supramax,14,change_to_change,,0.005880459926521973,1831
all_ports_export_dry_bulk,supramax,14,level_to_change,0.04205057008826962,0.030767875036955116,1832
all_ports_export_dry_bulk,handy,14,change_to_change,,-0.01018755731845812,1831
all_ports_export_dry_bulk,handy,14,level_to_change,0.025068854003160473,0.013225632400933971,1832
all_ports_export_dry_bulk,cape,30,change_to_change,,0.0030044258249915393,1815
all_ports_export_dry_bulk,cape,30,level_to_change,0.0107616681603697,-0.0027499767040189663,1816
all_ports_export_dry_bulk,panamax,30,change_to_change,,-0.004123928969702849,1815
all_ports_export_dry_bulk,panamax,30,level_to_change,0.02920788058058494,0.0022623755576442377,1816
all_ports_export_dry_bulk,supramax,30,change_to_change,,0.020119091627512017,1815
all_ports_export_dry_bulk,supramax,30,level_to_change,0.010128720356722918,0.00538372142036445,1816
all_ports_export_dry_bulk,handy,30,change_to_change,,0.021895006628600888,1815
all_ports_export_dry_bulk,handy,30,level_to_change,0.027717620967977162,0.024743125056056706,1816
