port,section,berth,sbu_name,sbu_name,vessel_name,direction,cargo,eta,ata,etc,pilot_on_board,pilot_disembark,actual_unberthing,snapshot_time_utc,source_url,source_type
Dhamra,at_berth,BB2,,,MV MINERAL TOBY,I,COKING COAL,,,2026-09-11 06:00:00,,,,2026-09-08 12:55:08.689605+00:00,https://www.adaniports.com/Ports-and-Terminals/dhamra-port/vesselschedule,official_server_rendered_schedule
Dhamra,at_berth,BB3,,,MV CHOLA LEGACY,E,THERMAL COAL,,,2026-09-10 08:00:00,,,,2026-09-08 12:55:08.689605+00:00,https://www.adaniports.com/Ports-and-Terminals/dhamra-port/vesselschedule,official_server_rendered_schedule
Dhamra,at_berth,BB5,,,MV MARITIME HARMONY,I,LIME STONE,,,2026-09-09 20:00:00,,,,2026-09-08 12:55:08.689605+00:00,https://www.adaniports.com/Ports-and-Terminals/dhamra-port/vesselschedule,official_server_rendered_schedule
Dhamra,at_berth,DHS1,,,LPG/C GAS GARNET,I,"BUTANE, PROPANE",,,2026-09-12 23:00:00,,,,2026-09-08 12:55:08.689605+00:00,https://www.adaniports.com/Ports-and-Terminals/dhamra-port/vesselschedule,official_server_rendered_schedule
Dhamra,at_berth,DHS1,,,LPG/C MING LONG,I/E,"BUTANE, PROPANE",,,2026-09-30 20:00:00,,,,2026-09-08 12:55:08.689605+00:00,https://www.adaniports.com/Ports-and-Terminals/dhamra-port/vesselschedule,official_server_rendered_schedule
Dhamra,at_berth,DHS1,,,LPG/C MIURA,I/E,"BUTANE, PROPANE",,,2026-09-30 18:00:00,,,,2026-09-08 12:55:08.689605+00:00,https://www.adaniports.com/Ports-and-Terminals/dhamra-port/vesselschedule,official_server_rendered_schedule
Dhamra,at_berth,DHS1,,,LPG/C ORLANDO 1,I/E,"BUTANE, PROPANE",,,2026-09-30 15:00:00,,,,2026-09-08 12:55:08.689605+00:00,https://www.adaniports.com/Ports-and-Terminals/dhamra-port/vesselschedule,official_server_rendered_schedule
Dhamra,at_berth,DHS1,,,LPG/C SCHUMI 3,E,"BUTANE, PROPANE",,,2026-09-08 15:00:00,,,,2026-09-08 12:55:08.689605+00:00,https://www.adaniports.com/Ports-and-Terminals/dhamra-port/vesselschedule,official_server_rendered_schedule
Dhamra,at_berth,B3AS,,,,,,,,,,,,2026-09-08 12:55:08.689605+00:00,https://www.adaniports.com/Ports-and-Terminals/dhamra-port/vesselschedule,official_server_rendered_schedule
Dhamra,at_berth,BB1,,,,,,,,,,,,2026-09-08 12:55:08.689605+00:00,https://www.adaniports.com/Ports-and-Terminals/dhamra-port/vesselschedule,official_server_rendered_schedule
Dhamra,at_berth,BB2E,,,,,,,,,,,,2026-09-08 12:55:08.689605+00:00,https://www.adaniports.com/Ports-and-Terminals/dhamra-port/vesselschedule,official_server_rendered_schedule
Dhamra,at_berth,BB3A,,,,,,,,,,,,2026-09-08 12:55:08.689605+00:00,https://www.adaniports.com/Ports-and-Terminals/dhamra-port/vesselschedule,official_server_rendered_schedule
Dhamra,at_berth,BB3B,,,,,,,,,,,,2026-09-08 12:55:08.689605+00:00,https://www.adaniports.com/Ports-and-Terminals/dhamra-port/vesselschedule,official_server_rendered_schedule
Dhamra,at_berth,BB3N,,,,,,,,,,,,2026-09-08 12:55:08.689605+00:00,https://www.adaniports.com/Ports-and-Terminals/dhamra-port/vesselschedule,official_server_rendered_schedule
Dhamra,at_berth,BB4,,,,,,,,,,,,2026-09-08 12:55:08.689605+00:00,https://www.adaniports.com/Ports-and-Terminals/dhamra-port/vesselschedule,official_server_rendered_schedule
Dhamra,at_berth,BB4N,,,,,,,,,,,,2026-09-08 12:55:08.689605+00:00,https://www.adaniports.com/Ports-and-Terminals/dhamra-port/vesselschedule,official_server_rendered_schedule
Dhamra,at_berth,BRGB,,,,,,,,,,,,2026-09-08 12:55:08.689605+00:00,https://www.adaniports.com/Ports-and-Terminals/dhamra-port/vesselschedule,official_server_rendered_schedule
Dhamra,at_berth,LNGT,,,,,,,,,,,,2026-09-08 12:55:08.689605+00:00,https://www.adaniports.com/Ports-and-Terminals/dhamra-port/vesselschedule,official_server_rendered_schedule
Dhamra,expected,,DHAMRA STS VESSEL,,LPG/C SCHUMI 9,E,,2026-09-07 07:00:00,,,,,,2026-09-08 12:55:08.689605+00:00,https://www.adaniports.com/Ports-and-Terminals/dhamra-port/vesselschedule,official_server_rendered_schedule
Dhamra,expected,,DHAMRA STS VESSEL,,LPG/C SCHUMI 11,E,,2026-09-08 11:00:00,,,,,,2026-09-08 12:55:08.689605+00:00,https://www.adaniports.com/Ports-and-Terminals/dhamra-port/vesselschedule,official_server_rendered_schedule
Dhamra,expected,,DHAMRA STS VESSEL,,LPG/C SCHUMI 8,E,,2026-09-08 14:00:00,,,,,,2026-09-08 12:55:08.689605+00:00,https://www.adaniports.com/Ports-and-Terminals/dhamra-port/vesselschedule,official_server_rendered_schedule
Dhamra,expected,,DHAMRA STS VESSEL,,LPG/C SCHUMI 2,E,,2026-09-08 15:00:00,,,,,,2026-09-08 12:55:08.689605+00:00,https://www.adaniports.com/Ports-and-Terminals/dhamra-port/vesselschedule,official_server_rendered_schedule
Dhamra,expected,,DHAMRA DRY VESSEL,,MV MARAN GLORY,I,,2026-09-08 21:45:00,,,,,,2026-09-08 12:55:08.689605+00:00,https://www.adaniports.com/Ports-and-Terminals/dhamra-port/vesselschedule,official_server_rendered_schedule
Dhamra,expected,,DHAMRA DRY VESSEL,,MV V GEM,I,,2026-09-08 23:00:00,,,,,,2026-09-08 12:55:08.689605+00:00,https://www.adaniports.com/Ports-and-Terminals/dhamra-port/vesselschedule,official_server_rendered_schedule
Dhamra,expected,,DHAMRA LNG VESSEL,,LNG/C POINT FORTIN,I,,2026-09-09 00:01:00,,,,,,2026-09-08 12:55:08.689605+00:00,https://www.adaniports.com/Ports-and-Terminals/dhamra-port/vesselschedule,official_server_rendered_schedule
Dhamra,expected,,DHAMRA STS VESSEL,,MT QI LIN ZUO,I,,2026-09-09 01:30:00,,,,,,2026-09-08 12:55:08.689605+00:00,https://www.adaniports.com/Ports-and-Terminals/dhamra-port/vesselschedule,official_server_rendered_schedule
Dhamra,expected,,DHAMRA STS VESSEL,,LPG/C GAS CHALLENGER,E,,2026-09-09 18:00:00,,,,,,2026-09-08 12:55:08.689605+00:00,https://www.adaniports.com/Ports-and-Terminals/dhamra-port/vesselschedule,official_server_rendered_schedule
Dhamra,expected,,DHAMRA DRY VESSEL,,MV ASL GALAXY,I,,2026-09-09 21:00:00,,,,,,2026-09-08 12:55:08.689605+00:00,https://www.adaniports.com/Ports-and-Terminals/dhamra-port/vesselschedule,official_server_rendered_schedule
Dhamra,expected,,DHAMRA STS VESSEL,,LPG/C GAS SUCCESS,E,,2026-09-10 06:00:00,,,,,,2026-09-08 12:55:08.689605+00:00,https://www.adaniports.com/Ports-and-Terminals/dhamra-port/vesselschedule,official_server_rendered_schedule
Dhamra,expected,,DHAMRA STS VESSEL,,LPG/C SENNA 8,E,,2026-09-10 10:00:00,,,,,,2026-09-08 12:55:08.689605+00:00,https://www.adaniports.com/Ports-and-Terminals/dhamra-port/vesselschedule,official_server_rendered_schedule
Dhamra,expected,,DHAMRA STS VESSEL,,LPG/C MK GAS HERCULES,E,,2026-09-11 07:00:00,,,,,,2026-09-08 12:55:08.689605+00:00,https://www.adaniports.com/Ports-and-Terminals/dhamra-port/vesselschedule,official_server_rendered_schedule
Dhamra,expected,,DHAMRA DRY VESSEL,,MV LUCKY HARMONY,I,,2026-09-11 08:00:00,,,,,,2026-09-08 12:55:08.689605+00:00,https://www.adaniports.com/Ports-and-Terminals/dhamra-port/vesselschedule,official_server_rendered_schedule
Dhamra,sailed_24h,,,DHAMRA STS VESSEL,LPG/C SENNA 9,,,,,,2026-09-08 08:45:00,2026-09-08 09:12:00,2026-09-08 09:00:00,2026-09-08 12:55:08.689605+00:00,https://www.adaniports.com/Ports-and-Terminals/dhamra-port/vesselschedule,official_server_rendered_schedule
Dhamra,sailed_24h,,,DHAMRA DRY VESSEL,MV BERN STAR,,,,,,2026-09-08 12:30:00,2026-09-08 13:54:00,2026-09-08 12:48:00,2026-09-08 12:55:08.689605+00:00,https://www.adaniports.com/Ports-and-Terminals/dhamra-port/vesselschedule,official_server_rendered_schedule
