snapshot_date,vessel_name,vcn,loa_m,draft_m,cargo,total,steamer_agent,declaration_datetime,importer_exporter,origin_destination,ready,raw_row
2026-06-22,COLOMBIER,HAL12600399,229.0,7.4,COKING COAL / MHC,15000,SEATRANS/SEATRANS 12(13:07),MAHALAXMI ENNORE,HAYPOINT,,,M.V. COLOMBIER [HAL12600399]
2026-06-22,OLYMPIA ROAD,HAL12600414,99.98,4.6,BUTADIENE,3150,SAMUDRA MARINE S 16(10:11),HALDIA,PETROCHEM YEOSU,,,M.T. [HAL12600414] OLYMPIA ROAD
2026-06-22,BADRINATH,HAL12600434,225.16,8.5,PROPANE BUTANE,11231 12441,ATLANTIC/ATLANTIC ATLANTIC/ATLANTIC 18(11:35),INDIAN INDIAN,OIL OIL CORPO CORPO MINA' MINA',AL AL,,M.T. BADRINATH [HAL12600434]
2026-06-22,KRUIBEKE,HAL12600449,181.7,8.1,PROPANE,11750,ATLANTIC/ATLANTIC 19(16:42),INDIAN,OIL CORPO HOUSTON,(,,M.T. KRUIBEKE [HAL12600449]
2026-06-22,ADRE,HAL12600405,199.99,9.28,"MANGANESE (SG/SC-5000, HDC/MHC-30200) ORE",35200,SEAVISIO/SEAVISIO 13(13:46),VARIOUS,OWENDO,20(16:55),,M.V. ADRE [HAL12600405]
2026-06-22,KS SCARLETT,HAL12600439,99.6,5.2,LUBRICATING OIL,4500,SEAPORT SERVICES 18(16:51),INDIAN,OIL CORPO PORT,KLAN,,M.T. KS SCARLETT [HAL12600439]
2026-06-22,PVT AVIRA,HAL12600395,179.88,7.5,CBFS,22800,INTEROCE/INTEROCE 11(14:20),PCBL,CHEMICAL LI USA,ATLAN 18(15:20),,M.T. PVT AVIRA [HAL12600395]
2026-06-22,ZUNAIRAH ZARISHA 4,HAL12600417,82.98,4.5,I-CONTAINER E-CONTAINER,110/0 38/0,EVERETT EVERETT /EVERETT (INDIA) 16(12:10),SLOT SLOT,CHARTERER CHARTERER CHENNAI CHITTAGON,( 20(15:10),,M.V. [HAL12600417] ZUNAIRAH ZARISHA 4
2026-06-22,RADHA MOHAN,HAL12600454,112.1,6.2,BITUMEN (COASTAL),2888,ATLANTIC/ATLANTIC 20(14:19),HINDUSTAN,PETROL VIZAG,20(16:14),,M.T. [HAL12600454] RADHA MOHAN
2026-06-22,NAUTILUS,HAL12600408,227.9,8.4,NAPTHA,30000,INTEROCE/INTEROCE 15(15:25),HALDIA,PETROCHEM SOHAR,,,M.T. NAUTILUS [HAL12600408]
2026-06-22,SANMAR SNEHA,HAL12600426,200.0,8.2,NAPTHA,24835,BEN LINE/BEN LINE 17(13:02),HALDIA,PETROCHEM SOHAR,,,M.T. [HAL12600426] SANMAR SNEHA
2026-06-22,TOMINI LIBERTY,HAL12600428,199.9,8.1,MANGANESE ORE /MHC,28000,GAC SHIP/GAC SHIP 17(16:45),CARBON/MAITHA,PORT,OF N 20(12:15),,M.V. [HAL12600428] TOMINI LIBERTY
2026-06-22,STAR ISLAND,HAL12600381,199.99,8.08,MANGANESE ORE /MHC,25500,BEN LINE/SEAHORSE 08(16:40),VARIOUS,OWENDO,18(17:08),,M.V. STAR ISLAND [HAL12600381]
2026-06-22,SC TIANJIN,HAL12600445,127.2,8.4,BENZENE (LAB),9796,ATLANTIC/ATLANTIC 19(12:54),SAI,SU/A.R.ST/SH YANBU,AL- 20(15:13),,M.T. SC TIANJIN [HAL12600445]
2026-06-22,SSL THAMIRABARANI,HAL12600416,142.7,8.3,I-CONTAINER E-CONTAINER,350/0 450/0,UNIFEEDE/UNIFEEDE UNIFEEDER AGENCI 16(11:53),SLOT SLOT,CHARTERER CHARTERER CHENNAI VISAKHAPA,( 20(23:33),,M.V. [HAL12600416] SSL THAMIRABARANI
2026-06-22,SITC MAKASSAR,HAL12600406,188.8,8.5,I-CONTAINER E-CONTAINER,530/0 5/2,EASTERN EASTERN /EASTERN LINER SH 15(10:22),SLOT SLOT,CHARTERER CHARTERER SHANGHAI SHANGHAI,19(12:09),,M.V. [HAL12600406] SITC MAKASSAR
2026-06-22,SINO SOURCE,HAL12600397,183.0,6.25,CDSBO,8165,INTEROCE/INTEROCE 12(10:01),VARIOUS,SAN,LOREN 20(11:47),,M.T. SINO SOURCE [HAL12600397]
2026-06-22,JAG AMAIRA,HAL12600412,229.0,8.5,COKING COAL /GBTPL,30000,TM INTER/TM INTER 15(16:32),TATA,STEEL LTD. HAYPOINT,16(13:30),,M.V. JAG AMAIRA [HAL12600412]
2026-06-22,AC YOUTH,HAL12600441,228.99,8.0,COKING COAL / ISPHL,30000,J M BAXI/STEEL AU 19(10:46),STEEL,AUTHORITY PORT,NAKH,,M.V. AC YOUTH [HAL12600441]
2026-06-22,HARI AKASH,HAL12600452,117.27,5.4,ATF HSD(COAS MS (COASTAL) (COASTAL) TAL),5670 1300 800,ATLANTIC/ATLANTIC ATLANTIC/ATLANTIC ATLANTIC/ATLANTIC 20(12:04),INDIAN INDIAN INDIAN,OIL OIL OIL CORPO CORPO CORPO PORT PORT PORT,BLAI BLAI BLAI,,M.T. HARI AKASH [HAL12600452]
2026-06-22,EDELWEISS,HAL12600451,228.9,8.0,COKING COAL /ISPHL,30000,TM INTER/STEEL AU 20(11:04),STEEL,AUTHORITY HAY,POINT,,M.V. EDELWEISS [HAL12600451]
2026-06-22,DING HENG 22,HAL12600432,111.98,7.0,ACETIC ACID,5998,SAMUDRA MARINE S 18(11:18),MCPI,P/GOENKA KERTH,(MA,,M.T. DING HENG 22 [HAL12600432]
2026-06-22,BALBOA,HAL12600430,229.0,9.2,"LAM (SG/FC-5700,HDC/MHC-3 2800) COKE",38500,EVEREADY/EVEREADY 17(17:10),NARSIN/BALMUK/PR,BAHODOPI,20(13:27),,M.V. BALBOA [HAL12600430]
2026-06-22,HAMPTON SKY,HAL12600431,228.9,8.1,COKING PCI COAL COAL /GBTPL /GBTPL,13335 17000,TM TM INTER/TM INTER/TM INTER INTER 17(17:29),TATA TATA,STEEL STEEL LTD. LTD. GLADSTONE GLADSTONE,,,M.V. HAMPTON SKY [HAL12600431]
2026-06-22,XIN LONG YUN 58,HAL12600413,166.23,7.0,I-CONTAINER E-CONTAINER,450/0 20/0,FAR FAR SHIP/FAR SHIPPING SHIP (IN 16(10:07),SLOT SLOT,CHARTERER CHARTERER COLOMBO COLOMBO,,,M.V. [HAL12600413] XIN LONG YUN 58
2026-06-22,PINZA,HAL12600422,230.0,8.3,PROPANE BUTANE,10713 10451,WILHELMS/WILHELMS WILHELMS/WILHELMS 17(11:16),HINDUSTAN HINDUSTAN,PETROL PETROL FREEPORT FREEPORT,,,M.T. PINZA [HAL12600422]
2026-06-22,CRIMSON GLORY,HAL12600425,189.93,8.2,MANGANESE ORE /MHC,20070,SEATRANS/BHARAT M 17(12:49),VARIOUS,SALDANHA,,,M.V. [HAL12600425] CRIMSON GLORY
2026-06-22,MOUNT TAI 1,HAL12600437,112.21,7.8,COAL TAR (LIQUID),7100,J M BAXI/J M BAXI 18(14:56),HIMADRI,SPECIALI BAHODOPI,,,M.T. MOUNT TAI 1 [HAL12600437]
2026-06-22,HOANG HUY 79,HAL12600436,144.58,6.9,RAW /MHC PETROLEUM COKE,9003,SEA CHHA/SEA CHHA 18(14:47),PETRO,CARBON AND LUMUT,POR 19(12:18),,M.V. [HAL12600436] HOANG HUY 79
2026-06-22,DS COUGAR,HAL12600415,126.5,8.5,PARAXYLENE LIMESTONE / TMILL,10419 30000,SAMUDRA TM INTER/TM MARINE INTER S 16(10:18) 17(12:41),MCPI TATA,PRIVATE STEEL LTD. LIM SOHAR SALALAH,P,,M.T. DS COUGAR [HAL12600415]
2026-06-22,CHOLA DESTINY,HAL12600424,,,,,,,,,,M.V. [HAL12600424] CHOLA DESTINY
2026-06-22,GREAT SAILOR,HAL12600455,135.0,8.2,CBFS,11567,GAC SHIP/GAC SHIP 20(14:30),HIMADRI,SPECIALI BAHUDOPI,,,M.T. GREAT SAILOR [HAL12600455]
2026-06-22,FIRST HUNTER,HAL12600457,228.99,8.75,STEAM COAL /MHC,38000,EVEREADY/ALAP CAR 20(14:52),SNB,MINERALS PRI TANJUNG,B,,M.V. FIRST HUNTER [HAL12600457]
2026-06-22,BTG APO,HAL12600447,229.0,8.5,LIMESTONE / TMILL,30000,GAC SHIP/TM INTER 19(16:25),TATA,STEEL LTD. FANGCHENG,,,M.V. BTG APO [HAL12600447]
2026-06-22,MSC CLEMENTINA F,HAL12600443,147.8,8.5,I-CONTAINER E-CONTAINER,200/0 3/0,MSC MSC AGEN/MSC AGENCY (INDI AGEN 19(10:56),SLOT SLOT,CHARTERER CHARTERER COLOMBO COLOMBO,,,M.V. [HAL12600443] MSC CLEMENTINA F
2026-06-22,NSG GLORY,HAL12600453,189.99,8.0,PYROXENITE,26705,TM INTER/TM INTER 20(12:31),TATA,STEEL LTD. FUJAIRAH,,,M.V. NSG GLORY [HAL12600453]
2026-06-22,HELLAS DYNASTY,HAL12600456,229.95,8.4,PROPANE BUTANE,11387 11123,GAC GAC SHIP/GAC SHIP/GAC SHIP SHIP 20(14:40),INDIAN/HINDUS INDIAN/HINDUS,HOUSTON HOUSTON,,,M.T. [HAL12600456] HELLAS DYNASTY
2026-06-22,MTM AMAZON,HAL12600440,170.0,7.2,CDSBO,13000,SEAPORT /SEAPORT 19(10:36),PATANJ/BUDGE,/EM SAN,LOREN,,M.T. MTM AMAZON [HAL12600440]
2026-06-22,SITC CAGAYAN,HAL12600423,188.8,8.5,I-CONTAINER E-CONTAINER,530/0 350/0,EASTERN EASTERN /EASTERN LINER SH 17(12:35),SLOT SLOT,CHARTERER CHARTERER SHANGHAI SHANGHAI,,,M.V. SITC CAGAYAN [HAL12600423]
2026-06-22,DS PANTHER,HAL12600433,128.6,8.5,PARAXYLENE,9631,SAMUDRA MARINE S 18(11:22),MCPI,PRIVATE LIM SOHAR,,,M.T. DS PANTHER [HAL12600433]
2026-06-22,PHILIPPA GLADYS,HAL12600444,134.85,8.1,CPO,11500,MARINE L/MARINE L 19(11:29),EMAMI,AGROTECH L PANJANG,(,,M.T. [HAL12600444] PHILIPPA GLADYS
2026-06-22,MSC MAKOTO II,HAL12600375,175.49,8.5,I-CONTAINER E-CONTAINER,200/0 95/48,MSC MSC AGEN/MSC AGENCY (INDI AGEN 08(12:50),SLOT SLOT,CHARTERER CHARTERER COLOMBO COLOMBO,,,M.V. [HAL12600375] MSC MAKOTO II
2026-06-22,GULF FANATIR,HAL12600419,183.22,8.2,CDSBO,21560,INTEROCE/INTEROCE 16(15:41),VARIOUS,SAN,LOREN,,M.T. GULF FANATIR [HAL12600419]
2026-06-22,MEDI ROMA,HAL12600446,199.98,8.2,MANGANESE ORE /MHC,23300,SEATRANS/SEATRANS 19(15:32),VARIOUS,PORT,ELIZ,,M.V. MEDI ROMA [HAL12600446]
2026-06-22,MSC RIONA,HAL12600448,184.1,8.5,I-CONTAINER E-CONTAINER,200/0 200/0,MSC MSC AGEN/MSC AGENCY (INDI AGEN 19(16:32),SLOT SLOT,CHARTERER CHARTERER COLOMBO COLOMBO,,,M.V. MSC RIONA [HAL12600448]
2026-06-22,ORCHARD STAR,HAL12600450,158.56,7.0,I-CONTAINER E-CONTAINER,450/0 450/0,FAR FAR SHIP/FAR SHIPPING SHIP (IN 20(10:14),SLOT SLOT,CHARTERER CHARTERER COLOMBO COLOMBO,,,M.V. [HAL12600450] ORCHARD STAR
2026-06-22,BARROW ISLAND,HAL12600429,189.99,8.32,MANGANESE ORE /MHC,29200,GAC SHIP/SEAHORSE 17(16:59),VARIOUS,OWENDO,,,M.V. [HAL12600429] BARROW ISLAND
2026-06-22,MSC AKITETA II,HAL12600438,195.6,8.5,I-CONTAINER E-CONTAINER,200/0 200/0,MSC MSC AGEN/MSC AGENCY (INDI AGEN 18(15:02),SLOT SLOT,CHARTERER CHARTERER COLOMBO COLOMBO,,,M.V. [HAL12600438] MSC AKITETA II
2026-06-22,XIN LONG YUN 58,HAL12600413R,166.23,7.0,I-CONTAINER E-CONTAINER,450/0 4/0,FAR FAR SHIP/FAR SHIPPING SHIP (IN 18(16:43),SLOT SLOT,CHARTERER CHARTERER COLOMBO COLOMBO,,,M.V. [HAL12600413R] XIN LONG YUN 58
2026-06-22,SOL PIONEER,HAL12600442,149.6,6.5,E-CONTAINER,200/0,TRANSWORLD GLOBA 19(10:52),SLOT,CHARTERER VIZHINJAM,,,M.V. SOL PIONEER [HAL12600442]
2026-06-22,ORCHARD STAR,HAL12600450R,158.56,7.0,I-CONTAINER E-CONTAINER,450/0 4/0,FAR FAR SHIP/FAR SHIPPING SHIP (IN 20(11:48),SLOT SLOT,CHARTERER CHARTERER COLOMBO COLOMBO,,,M.V. [HAL12600450R] ORCHARD STAR
2026-06-22,SITC PORT KLANG,HAL12600421,188.8,8.5,I-CONTAINER E-CONTAINER,530/0 350/0,EASTERN EASTERN /EASTERN LINER SH 17(11:07),SLOT SLOT,CHARTERER CHARTERER SHANGHAI QINGDAO,,,M.V. [HAL12600421] SITC PORT KLANG
