snapshot_date,snapshot_time,berth,status,vessel_name,vcn,loa_m,steamer_agent,cargo,importer_exporter,discharge_shipment,total,due,raw_row
2026-06-22,06:00,10,vacant,,,,,,,,,,Vacant
2026-06-22,06:00,11,occupied,MSC TIGER F,HAL12600372R,154.51,MSC AGENCY,E-CONTAINER,SLOT CHARTERER,"25(15x40'), Emt-26(26x40')/2","197(61x40'),",F/W (Export),M.V. MSC TIGER F [HAL12600372R]
2026-06-22,06:00,12,occupied,AMNSI STALLION,HAL12600411,229.0,SAMSARA SHI,I-LIMESTONE / TMILL,TATA STEEL LTD.,16285/6,16285,18615,M.V. AMNSI STALLION [HAL12600411]
2026-06-22,06:00,13,occupied,SPETSES,HAL12600388,199.9,BOTHRA SHIP,I-MANGANESE ORE /,VARIOUS,,13540,F/W & H/O,M.V. SPETSES [HAL12600388]
2026-06-22,06:00,13,occupied,TREASURE STAR,HAL12600427,228.99,GAC SHIPPIN,I-AMMONIUM,INDORAMA INDIA P,4460/3,4460,12040,M.V. TREASURE STAR [HAL12600427]
2026-06-22,06:00,2,occupied,GOLDEN FELLOW,HAL12600409,229.0,GAC SHIPPIN,I-COKING COAL /MHC,STEEL AUTHORITY,17900/6,31300,1700,M.V. GOLDEN FELLOW [HAL12600409]
2026-06-22,06:00,3,vacant,,,,,,,,,,Vacant
2026-06-22,06:00,4,occupied,CAMELIA,HAL12600398,126.5,SEAPORT SER,I-CPO,PATANJ/KANPUR,130/0,10980,F/W & H/O,M.T. CAMELIA [HAL12600398]
2026-06-22,06:00,4A,vacant,,,,,,,,,,Vacant
2026-06-22,06:00,4B,vacant,,,,,,,,,,Vacant
2026-06-22,06:00,5,vacant,,,,,,,,,,Vacant
2026-06-22,06:00,6,occupied,FORTUNE,HAL12600392,156.7,SEAPORT SER,I-CPO,AWL AGRI BUSINES,4571/0,17986,F/W (Import),M.T. FORTUNE [HAL12600392]
2026-06-22,06:00,7,occupied,ATHENA VOYAGE,HAL12600435,135.48,ABM WATERWA,I-BITUMEN,UNITED FUTURISTI,2231/0,6642,F/W & H/O,M.T. ATHENA VOYAGE [HAL12600435]
2026-06-22,06:00,8,vacant,,,,,,,,,,Vacant
2026-06-22,06:00,9,occupied,AMIS XCEL,HAL12600361,199.98,INTEROCEAN,I-SODA ASH [Manual,LIBRA ALKALISCHE,723/3,18264,1738,M.V. AMIS XCEL [HAL12600361]
2026-06-22,06:00,HOJ-I,occupied,DING HENG 36,HAL12600396,149.79,SAMUDRA MAR,I-PARAXYLENE,MCPI PRIVATE LIM,5067/0,14381,F/W & H/O,M.T. DING HENG 36 [HAL12600396]
2026-06-22,06:00,HOJ-I,occupied,DIONNE,HAL12600401,124.0,ATLANTIC GL,E-LUBE OIL,TRAFIGURA INDIA,,,9000,M.T. DIONNE [HAL12600401]
2026-06-22,06:00,HOJ-II,occupied,PINAR GAS,HAL12600418,225.49,ATLANTIC GL,I-PROPANE,INDIAN/HINDUS,7057/0,12250,F/W (Import),M.T. PINAR GAS [HAL12600418]
2026-06-22,06:00,HOJ-III,occupied,SANMAR SWARA,HAL12600402,228.49,ATLANTIC GL,I-MS (COASTAL),BHARAT PETROLEUM,,12513,F/W & H/O,M.T. SANMAR SWARA [HAL12600402]
2026-06-22,06:00,TERMINAL 2,occupied,HARI PRIYA,HAL12600354,183.0,ATLANTIC GL,I-MS (COASTAL),INDIAN OIL CORPO,,1010,F/W (Import),M.T. HARI PRIYA [HAL12600354]
