port,berth_group,date,max_sw_arrival_draft_m,status,source_document,source_url
Dhamra,BB1 & BB2 Import Berth,2017-12-01,17.2,historical,Monthly Draft Declaration,https://www.adaniports.com/-/media/project/ports/portsandterminals/dhamra-port/documents/monthly-draft-declaration.pdf
Dhamra,BB1 & BB2 Import Berth,2017-12-02,17.2,historical,Monthly Draft Declaration,https://www.adaniports.com/-/media/project/ports/portsandterminals/dhamra-port/documents/monthly-draft-declaration.pdf
Dhamra,BB1 & BB2 Import Berth,2017-12-03,17.2,historical,Monthly Draft Declaration,https://www.adaniports.com/-/media/project/ports/portsandterminals/dhamra-port/documents/monthly-draft-declaration.pdf
Dhamra,BB1 & BB2 Import Berth,2017-12-04,17.2,historical,Monthly Draft Declaration,https://www.adaniports.com/-/media/project/ports/portsandterminals/dhamra-port/documents/monthly-draft-declaration.pdf
Dhamra,BB1 & BB2 Import Berth,2017-12-05,17.2,historical,Monthly Draft Declaration,https://www.adaniports.com/-/media/project/ports/portsandterminals/dhamra-port/documents/monthly-draft-declaration.pdf
Dhamra,BB1 & BB2 Import Berth,2017-12-06,17.2,historical,Monthly Draft Declaration,https://www.adaniports.com/-/media/project/ports/portsandterminals/dhamra-port/documents/monthly-draft-declaration.pdf
Dhamra,BB1 & BB2 Import Berth,2017-12-07,17.2,historical,Monthly Draft Declaration,https://www.adaniports.com/-/media/project/ports/portsandterminals/dhamra-port/documents/monthly-draft-declaration.pdf
Dhamra,BB1 & BB2 Import Berth,2017-12-08,17.2,historical,Monthly Draft Declaration,https://www.adaniports.com/-/media/project/ports/portsandterminals/dhamra-port/documents/monthly-draft-declaration.pdf
Dhamra,BB1 & BB2 Import Berth,2017-12-09,17.2,historical,Monthly Draft Declaration,https://www.adaniports.com/-/media/project/ports/portsandterminals/dhamra-port/documents/monthly-draft-declaration.pdf
Dhamra,BB1 & BB2 Import Berth,2017-12-10,17.2,historical,Monthly Draft Declaration,https://www.adaniports.com/-/media/project/ports/portsandterminals/dhamra-port/documents/monthly-draft-declaration.pdf
Dhamra,BB1 & BB2 Import Berth,2017-12-11,17.2,historical,Monthly Draft Declaration,https://www.adaniports.com/-/media/project/ports/portsandterminals/dhamra-port/documents/monthly-draft-declaration.pdf
Dhamra,BB1 & BB2 Import Berth,2017-12-12,17.2,historical,Monthly Draft Declaration,https://www.adaniports.com/-/media/project/ports/portsandterminals/dhamra-port/documents/monthly-draft-declaration.pdf
Dhamra,BB1 & BB2 Import Berth,2017-12-13,17.2,historical,Monthly Draft Declaration,https://www.adaniports.com/-/media/project/ports/portsandterminals/dhamra-port/documents/monthly-draft-declaration.pdf
Dhamra,BB1 & BB2 Import Berth,2017-12-14,17.2,historical,Monthly Draft Declaration,https://www.adaniports.com/-/media/project/ports/portsandterminals/dhamra-port/documents/monthly-draft-declaration.pdf
Dhamra,BB1 & BB2 Import Berth,2017-12-15,17.2,historical,Monthly Draft Declaration,https://www.adaniports.com/-/media/project/ports/portsandterminals/dhamra-port/documents/monthly-draft-declaration.pdf
Dhamra,BB1 & BB2 Import Berth,2017-12-16,17.2,historical,Monthly Draft Declaration,https://www.adaniports.com/-/media/project/ports/portsandterminals/dhamra-port/documents/monthly-draft-declaration.pdf
Dhamra,BB1 & BB2 Import Berth,2017-12-17,17.2,historical,Monthly Draft Declaration,https://www.adaniports.com/-/media/project/ports/portsandterminals/dhamra-port/documents/monthly-draft-declaration.pdf
Dhamra,BB1 & BB2 Import Berth,2017-12-18,17.2,historical,Monthly Draft Declaration,https://www.adaniports.com/-/media/project/ports/portsandterminals/dhamra-port/documents/monthly-draft-declaration.pdf
Dhamra,BB1 & BB2 Import Berth,2017-12-19,17.2,historical,Monthly Draft Declaration,https://www.adaniports.com/-/media/project/ports/portsandterminals/dhamra-port/documents/monthly-draft-declaration.pdf
Dhamra,BB1 & BB2 Import Berth,2017-12-20,17.2,historical,Monthly Draft Declaration,https://www.adaniports.com/-/media/project/ports/portsandterminals/dhamra-port/documents/monthly-draft-declaration.pdf
Dhamra,BB1 & BB2 Import Berth,2017-12-21,17.2,historical,Monthly Draft Declaration,https://www.adaniports.com/-/media/project/ports/portsandterminals/dhamra-port/documents/monthly-draft-declaration.pdf
Dhamra,BB1 & BB2 Import Berth,2017-12-22,17.2,historical,Monthly Draft Declaration,https://www.adaniports.com/-/media/project/ports/portsandterminals/dhamra-port/documents/monthly-draft-declaration.pdf
Dhamra,BB1 & BB2 Import Berth,2017-12-23,17.2,historical,Monthly Draft Declaration,https://www.adaniports.com/-/media/project/ports/portsandterminals/dhamra-port/documents/monthly-draft-declaration.pdf
Dhamra,BB1 & BB2 Import Berth,2017-12-24,17.2,historical,Monthly Draft Declaration,https://www.adaniports.com/-/media/project/ports/portsandterminals/dhamra-port/documents/monthly-draft-declaration.pdf
Dhamra,BB1 & BB2 Import Berth,2017-12-25,17.2,historical,Monthly Draft Declaration,https://www.adaniports.com/-/media/project/ports/portsandterminals/dhamra-port/documents/monthly-draft-declaration.pdf
Dhamra,BB1 & BB2 Import Berth,2017-12-26,17.2,historical,Monthly Draft Declaration,https://www.adaniports.com/-/media/project/ports/portsandterminals/dhamra-port/documents/monthly-draft-declaration.pdf
Dhamra,BB1 & BB2 Import Berth,2017-12-27,17.2,historical,Monthly Draft Declaration,https://www.adaniports.com/-/media/project/ports/portsandterminals/dhamra-port/documents/monthly-draft-declaration.pdf
Dhamra,BB1 & BB2 Import Berth,2017-12-28,17.2,historical,Monthly Draft Declaration,https://www.adaniports.com/-/media/project/ports/portsandterminals/dhamra-port/documents/monthly-draft-declaration.pdf
Dhamra,BB1 & BB2 Import Berth,2017-12-29,17.2,historical,Monthly Draft Declaration,https://www.adaniports.com/-/media/project/ports/portsandterminals/dhamra-port/documents/monthly-draft-declaration.pdf
Dhamra,BB1 & BB2 Import Berth,2017-12-30,17.2,historical,Monthly Draft Declaration,https://www.adaniports.com/-/media/project/ports/portsandterminals/dhamra-port/documents/monthly-draft-declaration.pdf
Dhamra,BB1 & BB2 Import Berth,2017-12-31,17.2,historical,Monthly Draft Declaration,https://www.adaniports.com/-/media/project/ports/portsandterminals/dhamra-port/documents/monthly-draft-declaration.pdf
