sbu_name,vessel_name,imp_exp,eta
FOR DRY CARGO VSL OPERATION,MV CHOLA LEGACY,E,06-09-2026 18:00
FOR DRY CARGO VSL OPERATION,MV APJ JAOUAD,E,06-09-2026 18:00
FOR DRY CARGO VSL OPERATION,MV CONSTANTINOS G O,I,08-09-2026 03:00
FOR CONTAINER VSL OPERATION,MV MSC PATNAREE III,I/E,08-09-2026 10:00
FOR DRY CARGO VSL OPERATION,MV OREGON,I,09-09-2026 15:00
FOR DRY CARGO VSL OPERATION,MV SARA,I,11-09-2026 02:00
FOR DRY CARGO VSL OPERATION,MV TYMFI,I,11-09-2026 03:00
FOR DRY CARGO VSL OPERATION,MV CHOLA INTEGRITY,I,13-09-2026 11:00
FOR CONTAINER VSL OPERATION,MV MSC SABRINA III,I/E,15-09-2026 10:00
FOR CONTAINER VSL OPERATION,MV REN JIAN 23,I/E,17-09-2026 06:00
