name,url
FS_GANGAVARAM_DTD_16-08-2026,https://www.adaniports.com/-/media/project/ports/portsandterminals/gangavaram-port/tradenotice/fs_gangavaram_dtd_16-08-2026.pdf
FS_GANGAVARAM_DTD_01-08-2026,https://www.adaniports.com/-/media/project/ports/portsandterminals/gangavaram-port/tradenotice/fs_gangavaram_dtd_01-08-2026.pdf
FS_GANGAVARAM_DTD_16-07-2026,https://www.adaniports.com/-/media/project/ports/portsandterminals/gangavaram-port/tradenotice/fs_gangavaram_dtd_16-07-2026.pdf
FS_GANGAVARAM_DTD_01-07-2026,https://www.adaniports.com/-/media/project/ports/portsandterminals/gangavaram-port/tradenotice/fs_gangavaram_dtd_01-07-2026.pdf
FS_Gangavaram_dtd_16-06-2026,https://www.adaniports.com/-/media/project/ports/portsandterminals/gangavaram-port/tradenotice/fs_gangavaram_dtd_16-06-2026.pdf
FS_Gangavaram_dtd 01-06-2026,https://www.adaniports.com/-/media/project/ports/portsandterminals/gangavaram-port/tradenotice/fs_gangavaram_dtd-01-06-2026.pdf
FS_Gangavaram_dtd 16-05-2026,https://www.adaniports.com/-/media/project/ports/portsandterminals/gangavaram-port/tradenotice/fs_gangavaram_dtd-16-05-2026.pdf
FS_Gangavaram_dtd 01-05-2026,https://www.adaniports.com/-/media/project/ports/portsandterminals/gangavaram-port/tradenotice/fs_gangavaram_dtd-01-05-2026.pdf
FS_Gangavaram_dtd 16-04-2026,https://www.adaniports.com/-/media/project/ports/portsandterminals/gangavaram-port/tradenotice/fs_gangavaram_dtd-16-04-2026.pdf
FS_Gangavaram_dtd 01-04-2026,https://www.adaniports.com/-/media/project/ports/portsandterminals/gangavaram-port/tradenotice/fs_gangavaram_dtd-01-04-2026.pdf
FS_Gangavaram_dtd 16-03-2026,https://www.adaniports.com/-/media/project/ports/portsandterminals/gangavaram-port/tradenotice/fs_gangavaram_dtd-16-03-2026.pdf
FS_Gangavaram_dtd 01-03-2026,https://www.adaniports.com/-/media/project/ports/portsandterminals/gangavaram-port/tradenotice/fs_gangavaram_dtd-01-03-2026.pdf
FS_Gangavaram_dtd 16-02-2026,https://www.adaniports.com/-/media/project/ports/portsandterminals/gangavaram-port/tradenotice/fs_gangavaram_dtd-16-02-2026.pdf
FS_Gangavaram_dtd 01-02-2026,https://www.adaniports.com/-/media/project/ports/portsandterminals/gangavaram-port/tradenotice/fs_gangavaram_dtd-01-02-2026.pdf
FS_Gangavaram_dtd 16-01-2026,https://www.adaniports.com/-/media/project/ports/portsandterminals/gangavaram-port/tradenotice/fs_gangavaram_dtd-16-01-2026.pdf
FS_Gangavaram_dtd 01-01-2026,https://www.adaniports.com/-/media/project/ports/portsandterminals/gangavaram-port/tradenotice/fs_gangavaram_dtd-01-01-2026.pdf
