eventid,eventtype,eventname,htmlname,htmldescription,alertlevel,country,fromdate,year,todate,severitytext,lat,long,editdate,affectedports,n_affectedports,affectedpopulation,pageid
1000552,TC,IDAI-19,Tropical Cyclone IDAI-19,"Red Tropical Cyclone IDAI-19 in Mozambique, Zimbabwe, Miscellaneous (French) Indian Ocean Islands from: 09 Mar 2019  to: 15 Mar 2019 .",RED,Mozambique,1552111200000,2019,1552608000000,Hurricane/Typhoon > 74 mph (maximum wind speed of 194 km/h),-19.6,34.8,1694310439405,port137,1,1.9 million  in Category 1 or higher,3aa1164d42fb42e99f8ed581b6ecd4d1
1000227,FL,Flood in Mozambique,Flood in Mozambique,Red Flood in Mozambique from: 09 Mar 2019 00 to: 29 Mar 2019 00.,RED,Mozambique,1552089600000,2019,1553817600000,,-15.178,36.432,1694310567224,port137; port784; port896,3,,c2ad419a75d24ec28ae55a0728a0eb79
1000559,TC,KENNETH-19,Tropical Cyclone KENNETH-19,"Red Tropical Cyclone KENNETH-19 in , Mozambique, Comoros from: 23 Apr 2019  to: 25 Apr 2019 .",RED,Mozambique; Comoros,1555977600000,2019,1556215200000,Hurricane/Typhoon > 74 mph (maximum wind speed of 231 km/h),-12.3,40.1,1694310802591,port896; port769,2,260 thousand  in Category 1 or higher,74c5908f37dd496caedc335fc2bcf6e1
1000561,TC,FANI-19,Tropical Cyclone FANI-19,"Red Tropical Cyclone FANI-19 in , India, Bangladesh, Bhutan from: 27 Apr 2019  to: 03 May 2019 .",RED,India,1556323200000,2019,1556884800000,Hurricane/Typhoon > 74 mph (maximum wind speed of 250 km/h),21.3,86.2,1694310887323,port290; port883,2,1.8 million  in Category 1 or higher,7a4e3ee5892f497a996870d3e0e6f414
1178759,EQ,"Earthquake in Eastern New Guinea Reg., P.N.G.","Earthquake in Eastern New Guinea Reg., P.N.G.","Red M 7.2 Earthquake in Eastern New Guinea Reg., P.N.G. at: 06 May 2019 21:19:35.",RED,Papua New Guinea,1557177575000,2019,1557177575000,"Magnitude 7.2M, Depth:126.92km",-6.9767,146.44,1694310914933,port624,1,,98299d6738574f2ea18e46e19f71327e
1180592,EQ,Earthquake in Peru,Earthquake in Peru,Red M 8 Earthquake in Peru at: 26 May 2019 07:41:14.,RED,Peru,1558856474000,2019,1558856474000,"Magnitude 8M, Depth:109.88km",-5.796,-75.2975,1694311079892,,0,,
1182839,EQ,Earthquake in China,Earthquake in China,Red M 5.8 Earthquake in China at: 17 Jun 2019 14:55:45.,RED,China,1560783345000,2019,1560783345000,"Magnitude 5.8M, Depth:10km",28.4088,104.9654,1694311265094,,0,,
1013088,DR,Central India-2019,Drought in India,Red Drought in India from: 21 Feb 2019  to: 02 Jul 2019 .,RED,India,1550707200000,2019,1562059020000,Severe impact for agricultural drought in 139078 km2,19.833,76.244,1694311389075,port776,1,,
1013327,DR,Zimbabwe-2019,"Drought in Botswana, Mozambique, South Africa, Zimbabwe","Red Drought in Botswana, Mozambique, South Africa, Zimbabwe from: 21 Mar 2019  to: 01 Aug 2019 .",RED,"Botswana, Mozambique, South Africa, Zimbabwe",1553126400000,2019,1564656420000,Severe impact for agricultural drought in 102368 km2,-22.721,31.814,1694311593392,,0,,
1000582,TC,LEKIMA-19,Tropical Cyclone LEKIMA-19,"Red Tropical Cyclone LEKIMA-19 in , China, Japan from: 04 Aug 2019  to: 11 Aug 2019 .",RED,China; Taiwan Province of China,1564876800000,2019,1565524800000,Tropical Depression (maximum wind speed of 241 km/h),36,119.5,1694311686493,port227; port228; port370; port375; port438; port517; port792; port824; port1073; port1188; port1253; port1390; port1403; port1425; port1427; port1429; port238; port1261,18,7 million  in Category 1 or higher,a8c66fa7bd0c4373a1abfd43fdc50a94
1100113,FL,Flood in China,Flood in China,Red Flood in China from: 31 Jul 2019 00 to: 20 Aug 2019 00.,RED,China,1564531200000,2019,1566259200000,,30.6692,104.1219,1694311749132,,0,,
1012873,DR,India and Sri Lanka-2019,"Drought in India, Sri Lanka","Red Drought in India, Sri Lanka from: 21 Dec 2018  to: 26 Aug 2019 .",RED,India; Sri Lanka,1545350400000,2018,1566826620000,Severe impact for agricultural drought in 85408 km2,8.828,79.198,1694311782990,port1331; port1319,2,,
1100185,FL,"Flood in British Virgin Islands, The Bahamas","Flood in British Virgin Islands, The Bahamas","Red Flood in British Virgin Islands, The Bahamas from: 28 Aug 2019 00 to: 28 Aug 2019 00.",RED,The Bahamas,1566950400000,2019,1566950400000,,26.70673,-78.87209,1694311792460,port251; port357; port388; port721; port798; port821,6,,5b46b63747f248a6847ddcf455d8e50f
1000593,TC,LINGLING-19,Tropical Cyclone LINGLING-19,"Red Tropical Cyclone LINGLING-19 in Korea, Democratic People's Republic of, Republic of, China, Japan, Russian Federation from: 02 Sep 2019  to: 07 Sep 2019 .",RED,China; Korea,1567382400000,2019,1567836000000,Hurricane/Typhoon > 74 mph (maximum wind speed of 222 km/h),37.9,125.3,1694311847680,port277; port662; port270; port494; port608; port1067,6,20.1 million  in Category 1 or higher,6cf378ff79cf42cfa137c3d13bd2fe0a
1000624,TC,MATMO-19/BULBUL-19,Tropical Cyclone MATMO-19/BULBUL-19,"Red Tropical Cyclone MATMO-19/BULBUL-19 in Bangladesh, India, Myanmar, Thailand, Cambodia, Laos, Viet Nam from: 29 Oct 2019  to: 10 Nov 2019 .",RED,Bangladesh; Vietnam; India,1572372000000,2019,1573387200000,Tropical Storm (maximum wind speed of 157 km/h),23,90.8,1694312137296,port290; port442; port883; port1078; port759; port890,6,7.6 million  in Category 1 or higher,b846804ea419470084333b3317290139
1100273,FL,Flood in Bangladesh,"Flood in Bangladesh, India","Red Flood in Bangladesh, India from: 09 Nov 2019 00 to: 12 Nov 2019 00.",RED,Bangladesh; India,1573257600000,2019,1573516800000,,22.70099,90.35384,1694312166030,port207; port290; port442; port883; port241; port289; port759; port890,8,,a57b043b47634cbd91006db4600147e7
1000636,TC,KAMMURI-19,Tropical Cyclone KAMMURI-19,"Red Tropical Cyclone KAMMURI-19 in Philippines, Guam, Northern Mariana Islands from: 25 Nov 2019  to: 05 Dec 2019 .",RED,Philippines,1574704800000,2019,1575568800000,Tropical Depression (maximum wind speed of 213 km/h),12.2,113.5,1694312298029,port125; port694; port858; port1232,4,34.9 million  in Category 1 or higher,f189276a7e174aa88ce4270ecf7ee158
1012728,DR,Zambezi Basin-2018,"Drought in Angola, Botswana, Mozambique, Namibia, Zambia, Zimbabwe","Red Drought in Angola, Botswana, Mozambique, Namibia, Zambia, Zimbabwe from: 21 Oct 2018  to: 24 Mar 2020 .",RED,"Angola, Botswana, Mozambique, Namibia, Zambia, Zimbabwe",1540080000000,2018,1585067820000,Severe impact for agricultural drought in 150282 km2,-19.807,26.836,1694312724559,,0,,
1000663,TC,HAROLD-20,Tropical Cyclone HAROLD-20,"Red Tropical Cyclone HAROLD-20 in , Tonga, Fiji, Vanuatu from: 02 Apr 2020  to: 09 Apr 2020 .",RED,Fiji; Vanuatu; Tonga,1585850400000,2020,1586412000000,Hurricane/Typhoon > 74 mph (maximum wind speed of 269 km/h),-24.6,-170.7,1694314190344,port636; port643; port1240; port669; port836,5,70 thousand  in Category 1 or higher,56210f6c71f84299baa2ea0b705762f0
1000666,TC,VONGFONG-20,Tropical Cyclone VONGFONG-20,Red Tropical Cyclone VONGFONG-20 in Philippines from: 11 May 2020  to: 16 May 2020 .,RED,Philippines,1589220000000,2020,1589608800000,Tropical Depression (maximum wind speed of 194 km/h),19.3,120.5,1694314305944,,0,2 million  in Category 1 or higher,
1000667,TC,AMPHAN-20,Tropical Cyclone AMPHAN-20,"Red Tropical Cyclone AMPHAN-20 in India, Bangladesh, Bhutan from: 16 May 2020  to: 20 May 2020 .",RED,India,1589608800000,2020,1589976000000,Hurricane/Typhoon > 74 mph (maximum wind speed of 269 km/h),22.2,88.3,1694314330037,port207; port290; port442; port883,4,33.8 million  in Category 1 or higher,4aa2d000ec6344bd8e3ff519e352cddc
1000673,TC,NISARGA-20,Tropical Cyclone NISARGA-20,Red Tropical Cyclone NISARGA-20 in India from: 02 Jun 2020  to: 03 Jun 2020 .,RED,India,1591120800000,2020,1591185600000,Hurricane/Typhoon > 74 mph (maximum wind speed of 139 km/h),19.1,73.7,1694314372002,port511; port776,2,13.5 million  in Category 1 or higher,91c5a35ee6804b94a39c91c93021bfe1
1000702,TC,BAVI-20,Tropical Cyclone BAVI-20,"Red Tropical Cyclone BAVI-20 in China, Democratic Republic of Korea, Republic of Korea from: 21 Aug 2020  to: 27 Aug 2020 .",RED,China,1598011200000,2020,1598508000000,Tropical Storm (maximum wind speed of 185 km/h),41.6,125.8,1694314620195,port277; port662,2,2.7 million  in Category 1 or higher,99eadeb4109b4f45891f4d352d984b9c
1000705,TC,MAYSAK-20,Tropical Cyclone MAYSAK-20,"Red Tropical Cyclone MAYSAK-20 in Republic of Korea, Japan, Democratic Republic of Korea, China from: 28 Aug 2020  to: 02 Sep 2020 .",RED,Japan; Korea,1598572800000,2020,1599069600000,Hurricane/Typhoon > 74 mph (maximum wind speed of 231 km/h),35.5,129,1694314659620,port545; port785; port432; port715; port915; port1065; port1309; port1338,8,18.3 million  in Category 1 or higher,2e49fb9e14e147c7914103806eaa8c51
1000706,TC,HAISHEN-20,Tropical Cyclone HAISHEN-20,"Red Tropical Cyclone HAISHEN-20 in Democratic Republic of Korea, Republic of Korea, Japan, China, from: 31 Aug 2020  to: 07 Sep 2020 .",RED,Japan; Korea,1598875200000,2020,1599480000000,Tropical Storm (maximum wind speed of 250 km/h),40.7,128.9,1694314690167,port439; port445; port471; port480; port528; port538; port545; port566; port605; port785; port846; port852; port1119; port1190; port1304; port1324; port1335; port1378; port1411; port270; port432; port494; port608; port715; port915; port1065; port1067; port1309; port1338,29,29.9 million  in Category 1 or higher,0ef4c5564b2a41169f223c0b1d019825
1000726,TC,DELTA-20,Tropical Cyclone DELTA-20,"Red Tropical Cyclone DELTA-20 in United States, Mexico, Cuba, Cayman Islands from: 04 Oct 2020  to: 10 Oct 2020 .",RED,Mexico; United States,1601845200000,2020,1602342000000,Tropical Depression (maximum wind speed of 231 km/h),33.1,-90.8,1694314797231,port629; port933; port1144,3,1.9 million  in Category 1 or higher,54de45193f89417299ab745d2c59f315
1000734,TC,MOLAVE-20,Tropical Cyclone MOLAVE-20,"Red Tropical Cyclone MOLAVE-20 in Viet Nam, Laos, Philippines, Cambodia, Thailand from: 24 Oct 2020  to: 28 Oct 2020 .",RED,Philippines; Vietnam,1603497600000,2020,1603864800000,Hurricane/Typhoon > 74 mph (maximum wind speed of 204 km/h),15.4,108.5,1694314857510,port125; port694; port213; port269; port1078,5,4.9 million  in Category 1 or higher,e84323b3f8cc45bfabbdfe65aca72289
1000736,TC,GONI-20,Tropical Cyclone GONI-20,Red Tropical Cyclone GONI-20 in Philippines from: 28 Oct 2020  to: 06 Nov 2020 .,RED,Philippines,1603843200000,2020,1604620800000,Tropical Depression (maximum wind speed of 315 km/h),13.9,109.2,1694314929059,port125; port694; port1232,3,24.4 million  in Category 1 or higher,01e6d560b4a74356a99aabb80ae23ac9
1000738,TC,ETA-20,Tropical Cyclone ETA-20,"Red Tropical Cyclone ETA-20 in Nicaragua, United States, Honduras from: 31 Oct 2020  to: 13 Nov 2020 .",RED,Nicaragua,1604178000000,2020,1605258000000,Tropical Storm (maximum wind speed of 241 km/h),33.3,-76.8,1694314982932,port1030,1,200 thousand  in Category 1 or higher,fd3925b9021c4a94b60b64845b220025
1000741,TC,VAMCO-20,Tropical Cyclone VAMCO-20,"Red Tropical Cyclone VAMCO-20 in Viet Nam, Laos, Philippines from: 09 Nov 2020  to: 15 Nov 2020 .",RED,Philippines; Vietnam,1604901600000,2020,1605420000000,Hurricane/Typhoon > 74 mph (maximum wind speed of 213 km/h),17.7,106.5,1694315001659,port125; port694; port1232; port213; port269,5,47.4 million  in Category 1 or higher,3b4614b4f7b34fb18ec018043a5f15aa
1000743,TC,IOTA-20,Tropical Cyclone IOTA-20,"Red Tropical Cyclone IOTA-20 in Honduras, Nicaragua from: 13 Nov 2020  to: 18 Nov 2020 .",RED,Nicaragua,1605279600000,2020,1605711600000,Tropical Depression (maximum wind speed of 259 km/h),13.8,-89.5,1694315019504,port1030,1,560 thousand  in Category 1 or higher,33119f1ca522447f8f206d2496ad2eed
1000747,TC,NIVAR-20,Tropical Cyclone NIVAR-20,Red Tropical Cyclone NIVAR-20 in India from: 23 Nov 2020  to: 26 Nov 2020 .,RED,India,1606132800000,2020,1606348800000,Tropical Storm (maximum wind speed of 130 km/h),12.3,79.4,1694315050062,,0,6.1 million  in Category 1 or higher,
1000752,TC,YASA-20,Tropical Cyclone YASA-20,"Red Tropical Cyclone YASA-20 in Fiji, from: 12 Dec 2020  to: 20 Dec 2020 .",RED,Fiji,1607774400000,2020,1608422400000,Tropical Storm (maximum wind speed of 259 km/h),-23.3,-178.1,1694315138928,port636; port643; port687; port1240,4,160 thousand  in Category 1 or higher,b1fdccb4c2e54ca0b570e64a6114dbdd
1000772,TC,NIRAN-21,Tropical Cyclone NIRAN-21,"Red Tropical Cyclone NIRAN-21 in New Caledonia, Australia, Norfolk Island, Vanuatu from: 01 Mar 2021  to: 07 Mar 2021 .",RED,New Caledonia,1614556800000,2021,1615075200000,Tropical Storm (maximum wind speed of 259 km/h),-27.3,175.7,1694315362678,port94; port97; port403; port806; port832; port870; port1372,7,240 thousand  in Category 1 or higher,916961bee1694b1cb56ee0bb197b6070
1000782,TC,TAUKTAE-21,Tropical Cyclone TAUKTAE-21,"Red Tropical Cyclone TAUKTAE-21 in India, Pakistan from: 14 May 2021  to: 17 May 2021 .",RED,India,1620972000000,2021,1621274400000,Hurricane/Typhoon > 74 mph (maximum wind speed of 222 km/h),20.8,71.3,1694315560326,port271; port511; port679; port709; port776; port907,6,6.2 million  in Category 1 or higher,6af995e3acac4015bd1fbaa90a2a3d6a
1269679,EQ,Earthquake in China,Earthquake in China,Red M 6.1 Earthquake in China at: 21 May 2021 13:48:37.,RED,China,1621604917000,2021,1621604917000,"Magnitude 6.1M, Depth:10km",25.7614,100.0076,1694315573198,,0,,
1000784,TC,YAAS-21,Tropical Cyclone YAAS-21,Red Tropical Cyclone YAAS-21 in India from: 24 May 2021  to: 26 May 2021 .,RED,India,1621814400000,2021,1622008800000,Tropical Storm (maximum wind speed of 120 km/h),21.6,87,1694315620209,port290; port442; port883,3,1.2 million  in Category 1 or higher,f005e5328daf492b8d64437e2ea8e3f6
1100902,FL,"Flood in Bangladesh, India","Flood in Bangladesh, India","Red Flood in Bangladesh, India from: 24 May 2021 01 to: 31 May 2021 01.",RED,India,1621818000000,2021,1622422800000,,23.45598,85.25573,1694315699826,port207; port235; port290; port442; port534; port544; port883; port1331,8,,0444d1d2ece246b8bf863f26ef9e0444
1000023,VO,Eruption  Nyiragongo,Eruption  Nyiragongo,Red Eruption Nyiragongo in Democratic Republic of Congo at: 04 Jun 2021 00:00.,RED,Democratic Republic of Congo,1621728000000,2021,1622764800000,,-1.52,29.25,1694315728789,,0,,
1100932,FL,Flood in China,Flood in China,Red Flood in China from: 20 Jun 2021 01 to: 30 Jul 2021 01.,RED,China,1624150800000,2021,1627606800000,,37.87001,112.5453,1694316074584,,0,,
1281677,EQ,Earthquake in Haiti,Earthquake in Haiti,Red M 7.2 Earthquake in Haiti at: 14 Aug 2021 12:29:09.,RED,Haiti,1628944149000,2021,1628944149000,"Magnitude 7.2M, Depth:10km",18.4079,-73.4753,1694316210700,,0,,
1000814,TC,GRACE-21,Tropical Cyclone GRACE-21,Red Tropical Cyclone GRACE-21 in Mexico from: 13 Aug 2021  to: 21 Aug 2021 .,RED,Mexico; Cayman Islands,1628866800000,2021,1629579600000,Tropical Depression (maximum wind speed of 194 km/h),19.6,-100.1,1694316291193,port1144; port1332; port389,3,7.7 million  in Category 1 or higher,121eef70bd7e4584a988fa9198fa31db
1000818,TC,IDA-21,Tropical Cyclone IDA-21,"Red Tropical Cyclone IDA-21 in United States, Cuba from: 26 Aug 2021  to: 30 Aug 2021 .",RED,United States,1629990000000,2021,1630357200000,Tropical Depression (maximum wind speed of 241 km/h),32.6,-90.3,1694316376901,port126; port352; port812; port1214,4,2.7 million  in Category 1 or higher,7d9d04c6c5ac4e3bbdf68a78a0966767
1000824,TC,CHANTHU-21,Tropical Cyclone CHANTHU-21,"Red Tropical Cyclone CHANTHU-21 in China, Philippines from: 06 Sep 2021  to: 18 Sep 2021 .",RED,Taiwan Province of China,1630908000000,2021,1631923200000,Tropical Depression (maximum wind speed of 287 km/h),34.1,136.6,1694316572215,port238; port482; port1261,3,5 million  in Category 1 or higher,8973ab79e4e84f21863706b376cc33a2
1100977,FL,Flood in India,Flood in India,Red Flood in India from: 24 Jul 2021 01 to: 01 Oct 2021 01.,RED,India,1627088400000,2021,1633050000000,,31.23957,77.7198,1694316685662,,0,,
1298872,EQ,Earthquake in Peru,Earthquake in Peru,Red M 7.5 Earthquake in Peru at: 28 Nov 2021 10:52:13.,RED,Peru,1638096733000,2021,1638096733000,"Magnitude 7.5M, Depth:112.48km",-4.4898,-76.8461,1694316841829,,0,,
1000853,TC,RAI-21,Tropical Cyclone RAI-21,Red Tropical Cyclone RAI-21 in Philippines from: 13 Dec 2021  to: 20 Dec 2021 .,RED,Philippines,1639353600000,2021,1640023200000,Tropical Storm (maximum wind speed of 259 km/h),19.8,113,1694316920132,port182; port198; port224; port716; port797; port858; port1056; port1238; port1366,9,13 million  in Category 1 or higher,6cd0c7fb2cff4780a9caf78ad874998f
1000036,VO,Eruption  Hunga Tonga-Hunga Ha apai,Eruption  Hunga Tonga-Hunga Ha apai,Red Eruption Hunga Tonga-Hunga Ha apai in Tonga at: 18 Jan 2022 00:00.,RED,Tonga,1639958400000,2021,1642464000000,,-20.536,-175.382,1694317035039,port836,1,,296a0ab5d56846fa807cf63b19868c85
1307299,EQ,Earthquake in Haiti,Earthquake in Haiti,Red M 5.3 Earthquake in Haiti at: 24 Jan 2022 13:16:23.,RED,Haiti,1643030183000,2022,1643030183000,"Magnitude 5.3M, Depth:10km",18.4723,-73.3346,1694317051845,port934; port1125,2,,a14375d323fe40bcb9e296ba576f56ed
1000859,TC,BATSIRAI-22,Tropical Cyclone BATSIRAI-22,Red Tropical Cyclone BATSIRAI-22 in Madagascar from: 27 Jan 2022  to: 08 Feb 2022 .,RED,Madagascar; Mauritius,1643241600000,2022,1644321600000,Tropical Storm (maximum wind speed of 231 km/h),-28.3,41.8,1694317131752,port1307; port965,2,2.9 million  in Category 1 or higher,1bc9b902d2a444d79c808ce9db848e82
1000866,TC,EMNATI-22,Tropical Cyclone EMNATI-22,Red Tropical Cyclone EMNATI-22 in Madagascar from: 16 Feb 2022  to: 24 Feb 2022 .,RED,Madagascar,1645034400000,2022,1645725600000,Tropical Storm (maximum wind speed of 204 km/h),-28.7,41.8,1694317200080,port340; port1301; port1307,3,2.2 million  in Category 1 or higher,4712455782b24b729ffa2d23c4fb9f61
1327560,EQ,Earthquake in Afghanistan,Earthquake in Afghanistan,Red M 5.9 Earthquake in Afghanistan at: 21 Jun 2022 20:54:36.,RED,Afghanistan,1655844876000,2022,1655844876000,"Magnitude 5.9M, Depth:10km",33.0924,69.5135,1694317525815,,0,,
1101522,FL,Flood in Pakistan,Flood in Pakistan,Red Flood in Pakistan from: 14 Jun 2022 01 to: 31 Aug 2022 01.,RED,Pakistan,1655168400000,2022,1661907600000,,36,75,1694317920913,,0,,
1337179,EQ,Earthquake in Papua New Guinea,Earthquake in Papua New Guinea,Red M 7.6 Earthquake in Papua New Guinea at: 10 Sep 2022 23:46:55.,RED,Papua New Guinea,1662853615000,2022,1662853615000,"Magnitude 7.6M, Depth:90.013km",-6.2557,146.4692,1694317950004,port624,1,,c8de7f4575724cc3a7afccf0faf762a0
1101664,FL,"Flood in China, Taiwan","Flood in China, Taiwan","Red Flood in China, Taiwan from: 14 Sep 2022 01 to: 16 Sep 2022 01.",RED,China,1663117200000,2022,1663290000000,,31.23228,121.4692,1694317999111,port438; port824; port1188; port1390; port1427; port1429,6,,e8ad23d722674521baae5de97cc97f61
1000916,TC,FIONA-22,Tropical Cyclone FIONA-22,"Red Tropical Cyclone FIONA-22 in Canada, Turks and Caicos Islands, Dominican Republic, Puerto Rico from: 14 Sep 2022  to: 24 Sep 2022 .",RED,Montserrat; Canada; Antigua and Barbuda; Guadeloupe; St. Kitts and Nevis; United States; Dominican Republic; Turks and Caicos Islands; Puerto Rico,1663167600000,2022,1664053200000,Tropical Storm (maximum wind speed of 213 km/h),48.4,-60.5,1694318078129,port1245; port211; port443; port935; port1219; port51; port1055; port1147; port122; port232; port164; port913; port414; port1025; port910; port922; port1221,17,2.9 million  in Category 1 or higher,9ccdff1760bb46af903ec5b39378a058
1000922,TC,NORU-22,Tropical Cyclone NORU-22,"Red Tropical Cyclone NORU-22 in Viet Nam, Laos, Philippines from: 22 Sep 2022  to: 28 Sep 2022 .",RED,Philippines; Vietnam,1663804800000,2022,1664323200000,Hurricane/Typhoon > 74 mph (maximum wind speed of 259 km/h),16,107.8,1694318122116,port694; port1232; port213; port269,4,9 million  in Category 1 or higher,fcb67d56baae4103ade370dd3995d8c8
1000923,TC,IAN-22,Tropical Cyclone IAN-22,"Red Tropical Cyclone IAN-22 in United States, Cuba from: 23 Sep 2022  to: 02 Oct 2022 .",RED,United States; Cuba,1663923600000,2022,1664679600000,Tropical Depression (maximum wind speed of 250 km/h),37.3,-78.2,1694318157503,port212; port231; port513; port967; port1259; port1399; port86; port704,8,5.2 million  in Category 1 or higher,a9afc86a1a4548849cb5860689dbbad7
1000940,TC,ROSLYN-22,Tropical Cyclone ROSLYN-22,Red Tropical Cyclone ROSLYN-22 in Mexico from: 20 Oct 2022  to: 24 Oct 2022 .,RED,Mexico,1666234800000,2022,1666580400000,Tropical Depression (maximum wind speed of 213 km/h),26,-101,1694318280734,,0,290 thousand  in Category 1 or higher,
1101659,FL,Flood in Nigeria,Flood in Nigeria,Red Flood in Nigeria from: 10 Sep 2022 01 to: 26 Oct 2022 01.,RED,Nigeria,1662771600000,2022,1666746000000,,4.762979,6.028898,1694318293002,port205; port587; port1165; port1383,4,,9a4da61ebdd844f7a73d21254b8224ff
1347183,EQ,Earthquake in Indonesia,Earthquake in Indonesia,Red M 5.6 Earthquake in Indonesia at: 21 Nov 2022 06:21:10.,RED,Indonesia,1669011670000,2022,1669011670000,"Magnitude 5.6M, Depth:10km",-6.8531,107.0946,1694318361325,port514; port894,2,,87c03fd3cd7e4fbeb866673caea8815a
1357560,EQ,Earthquake in Türkiye,Earthquake in Türkiye,Red M 7.5 Earthquake in Türkiye at: 06 Feb 2023 10:24:49.,RED,Türkiye,1675679089000,2023,1675679089000,"Magnitude 7.5M, Depth:10km",38.0235,37.203,1694318563269,,0,,
1357372,EQ,Earthquake in Türkiye,Earthquake in Türkiye,Red M 7.8 Earthquake in Türkiye at: 06 Feb 2023 01:17:35.,RED,Türkiye,1675646255000,2023,1675646255000,"Magnitude 7.8M, Depth:17.925km",37.1736,37.032,1694318563269,port286; port503; port1313; port1406,4,,aa65d7e49ec94b9da3fad7da752a4e1a
1012119,WF,Forest fires in Chile,Forest fires in Chile,Red Forest fires in Chile from: 02 Feb 2023 to: 15 Feb 2023.,RED,Chile,1675296000000,2023,1676419200000,Red impact for forestfire in 40563 ha,-36.64925,-72.85635,1694318652805,,0,,
1000965,TC,JUDY-23,Tropical Cyclone JUDY-23,Red Tropical Cyclone JUDY-23 in Vanuatu from: 27 Feb 2023  to: 03 Mar 2023 .,RED,Vanuatu,1677456000000,2023,1677823200000,Tropical Storm (maximum wind speed of 204 km/h),-26.1,179.8,1694318783857,port980,1,160 thousand  in Category 1 or higher,9ae35fc3f5a348728400cdc46c18c6b1
1000966,TC,KEVIN-23,Tropical Cyclone KEVIN-23,Red Tropical Cyclone KEVIN-23 in Vanuatu from: 01 Mar 2023  to: 05 Mar 2023 .,RED,Vanuatu,1677693600000,2023,1678017600000,Tropical Storm (maximum wind speed of 250 km/h),-27.2,-174.5,1694318806140,port669; port980,2,120 thousand  in Category 1 or higher,7f9e5a20e835400cb291e476b12c6daa
1000961,TC,FREDDY-23,Tropical Cyclone FREDDY-23,"Red Tropical Cyclone FREDDY-23 in Mozambique, Madagascar from: 06 Feb 2023  to: 12 Mar 2023 .",RED,"Mozambique, Madagascar",1675663200000,2023,1678579200000,Hurricane/Typhoon > 74 mph (maximum wind speed of 250 km/h),-17.5,36.9,1694318856223,,0,2.9 million  in Category 1 or higher,
1365556,EQ,Earthquake in Ecuador,Earthquake in Ecuador,Red M 6.8 Earthquake in Ecuador at: 18 Mar 2023 17:12:53.,RED,Ecuador,1679159573000,2023,1679159573000,"Magnitude 6.8M, Depth:66.421km",-2.8273,-79.8628,1694318875928,port426; port1028,2,,ef13e43c3ddc4b3498c190570259f5b7
1000970,TC,MOCHA-23,Tropical Cyclone MOCHA-23,Red Tropical Cyclone MOCHA-23 in Myanmar from: 11 May 2023  to: 14 May 2023 .,RED,Myanmar,1683763200000,2023,1684065600000,Hurricane/Typhoon > 74 mph (maximum wind speed of 259 km/h),20.8,93.1,1694319041758,port961,1,3 million  in Category 1 or higher,14fa1161bedc426888263e54f9c2e255
1102000,FL,"Flood in Bangladesh, India, Myanmar","Flood in Bangladesh, India, Myanmar","Red Flood in Bangladesh, India, Myanmar from: 13 May 2023 01 to: 15 May 2023 01.",RED,"Bangladesh, India, Myanmar",1683939600000,2023,1684112400000,,20.15,92.9,1694319048832,,0,,
1000972,TC,MAWAR-23,Tropical Cyclone MAWAR-23,Red Tropical Cyclone MAWAR-23 in Guam from: 20 May 2023  to: 03 Jun 2023 .,RED,Guam; Northern Mariana Islands,1684540800000,2023,1685750400000,Tropical Storm (maximum wind speed of 296 km/h),30.7,138.1,1694319152977,port61; port1113,2,170 thousand  in Category 1 or higher,fe349de1f71843cca826c88a9a5396c0
1000985,TC,DOKSURI-23,Tropical Cyclone DOKSURI-23,"Red Tropical Cyclone DOKSURI-23 in China, Philippines from: 21 Jul 2023  to: 28 Jul 2023 .",RED,China; Taiwan Province of China,1689940800000,2023,1690524000000,Hurricane/Typhoon > 74 mph (maximum wind speed of 241 km/h),25.7,118.4,1694319313120,port370; port1074; port1192; port1404; port1405; port541,6,22.8 million  in Category 1 or higher,b540df4fc6a5421bb2da4ed0f0a690c4
1000999,TC,SAOLA-23,Tropical Cyclone SAOLA-23,"Red Tropical Cyclone SAOLA-23 in China, Philippines from: 23 Aug 2023  to: 03 Sep 2023 .",RED,Hong Kong Special Administrative Region; China; Macao Special Administrative Region,1692813600000,2023,1693742400000,Tropical Depression (maximum wind speed of 250 km/h),20.7,109,1698455547761,port423; port425; port436; port484; port1189; port1196; port1414; port474; port674,9,34.5 million  in Category 1 or higher,1da448d78c3c4c11bc85b5c96692e090
1001002,TC,HAIKUI-23,Tropical Cyclone HAIKUI-23,Red Tropical Cyclone HAIKUI-23 in China from: 28 Aug 2023  to: 04 Sep 2023 .,RED,China; Taiwan Province of China,1693224000000,2023,1693850400000,Tropical Depression (maximum wind speed of 194 km/h),23.7,117.3,1698455547761,port1192; port1404; port541; port681,4,5.3 million  in Category 1 or higher,83cbe0ec2d85422ab03cbb25f151b70d
1390643,EQ,Earthquake in Morocco,Earthquake in Morocco,Red M 6.8 Earthquake in Morocco at: 08 Sep 2023 22:11:02.,RED,Morocco,1694211062000,2023,1694211062000,"Magnitude 6.8M, Depth:26.321km",31.07,-8.3815,1698455547761,,0,,
1396085,EQ,Earthquake in Afghanistan,Earthquake in Afghanistan,Red M 6.3 Earthquake in Afghanistan at: 15 Oct 2023 03:36:00.,RED,Afghanistan,1697340960000,2023,1697340960000,"Magnitude 6.3M, Depth:6.323km",34.6094,62.1115,1698455547761,,0,,
1001019,TC,LIDIA-23,Tropical Cyclone LIDIA-23,Red Tropical Cyclone LIDIA-23 in Mexico from: 03 Oct 2023  to: 11 Oct 2023 .,RED,Mexico,1696323600000,2023,1697014800000,Tropical Depression (maximum wind speed of 204 km/h),22.5,-102.5,1698455547761,,0,840 thousand  in Category 1 or higher,
1395488,EQ,Earthquake in Afghanistan,Earthquake in Afghanistan,Red M 6.3 Earthquake in Afghanistan at: 11 Oct 2023 00:41:56.,RED,Afghanistan,1696984916000,2023,1696984916000,"Magnitude 6.3M, Depth:10km",34.5798,62.0717,1698455547761,,0,,
1394961,EQ,Earthquake in Afghanistan,Earthquake in Afghanistan,Red M 5.9 Earthquake in Afghanistan at: 07 Oct 2023 07:40:29.,RED,Afghanistan,1696664429000,2023,1696664429000,"Magnitude 5.9M, Depth:7.726km",34.6391,62.0327,1698455547761,,0,,
1394958,EQ,Earthquake in Afghanistan,Earthquake in Afghanistan,Red M 6.3 Earthquake in Afghanistan at: 07 Oct 2023 07:12:50.,RED,Afghanistan,1696662770000,2023,1696662770000,"Magnitude 6.3M, Depth:10km",34.5743,61.9037,1698455547761,,0,,
1394952,EQ,Earthquake in Afghanistan,Earthquake in Afghanistan,Red M 6.3 Earthquake in Afghanistan at: 07 Oct 2023 06:41:02.,RED,Afghanistan,1696660862000,2023,1696660862000,"Magnitude 6.3M, Depth:14km",34.6102,61.9242,1698455547761,,0,,
1102204,FL,Flood in Libya,Flood in Libya,Red Flood in Libya from: 08 Sep 2023 01 to: 14 Sep 2023 00.,RED,Libya,1694134800000,2023,1694649600000,,32.75938,22.63832,1698455547761,,0,,
1001027,TC,LOLA-23,Tropical Cyclone LOLA-23,"Red Tropical Cyclone LOLA-23 in Vanuatu, Solomon Islands from: 21 Oct 2023  to: 26 Oct 2023 .",RED,Vanuatu,1697911200000,2023,1698278400000,Tropical Depression (maximum wind speed of 222 km/h),-17.5,165.6,1698455547761,port669,1,60 thousand  in Category 1 or higher,cbc6d099a6e94f3e81a235627b040e2c
1001028,TC,OTIS-23,Tropical Cyclone OTIS-23,Red Tropical Cyclone OTIS-23 in Mexico from: 22 Oct 2023  to: 25 Oct 2023 .,RED,Mexico,1697986800000,2023,1698267600000,Tropical Depression (maximum wind speed of 259 km/h),19.1,-100.8,1698455547761,port7,1,1.4 million  in Category 1 or higher,b2af87430d8340f29465e5075633c14a
1001029,TC,HAMOON-23,Tropical Cyclone HAMOON-23,"Red Tropical Cyclone HAMOON-23 in Bangladesh, India, Myanmar from: 23 Oct 2023  to: 24 Oct 2023 .",RED,Bangladesh,1698040800000,2023,1698170400000,Hurricane/Typhoon > 74 mph (maximum wind speed of 148 km/h),21.6,92.1,1698455547761,port241,1,3.9 million  in Category 1 or higher,143c6b04e7914c1dad1d2532a0d69438
1001024,TC,NORMA-23,Tropical Cyclone NORMA-23,Red Tropical Cyclone NORMA-23 in Mexico from: 17 Oct 2023  to: 23 Oct 2023 .,RED,Mexico,1697576400000,2023,1698073200000,Tropical Depression (maximum wind speed of 213 km/h),24.9,-107.7,1698455547761,port905; port1310,2,430 thousand  in Category 1 or higher,542de4ebd2eb4527b0172fb958086ec0
1001018,TC,KOINU-23,Tropical Cyclone KOINU-23,"Red Tropical Cyclone KOINU-23 in China, Japan, Philippines from: 29 Sep 2023  to: 10 Oct 2023 .",RED,Hong Kong Special Administrative Region; Taiwan Province of China; Macao Special Administrative Region,1695988800000,2023,1696896000000,Tropical Depression (maximum wind speed of 213 km/h),20.8,110.3,1698455547761,port482; port541; port681; port474; port674,5,3.8 million  in Category 1 or higher,06ae052bc2cc4c478d215983fb8fc680
1406601,EQ,Earthquake in China,Earthquake in China,Red M 6 Earthquake in China at: 18 Dec 2023 15:59:30.,RED,China,1702915170000,2023,1702915170000,"Magnitude 6M, Depth:10km",35.7339,102.8364,1702917683204,,0,,
1000000,OT,RED SEA TENSIONS,Trade Disruptions in the Red Sea,Trade disruptions in the Red Sea (near Bab el-Mandeb Strait) due to attacks on commercial ships,RED,,1702684800000,2023,,,20.31573,38.73504,1708595379825,chokepoint4; chokepoint1; chokepoint7,3,,573013af3b6545deaeb50ed1cbaf9444
1000001,OT,RESTRICTIONS PANAMA CANAL,Shipping restrictions to Panama Canal,Drought restrictions imposed amid insufficient rainfall at the Gatún Lake,RED,,1698969600000,2023,1722830400000,,9.120512,-79.76723,1708810459951,chokepoint2,1,,76f7d4b0062e46c5bbc862d4c3ce1d4b
10000002,OT,COLLAPSE FRANCIS SCOTT KEY BRIDGE,Baltimore: Collapse of Francis Scott Key Bridge,Collapse of the Francis Scott Key Bridge halted vessel traffic at the port of Baltimore,RED,United States,1711411200000,2024,1718164800000,,39.21934,-76.52521,1711737778359,port103,1,,ce951f9474d843f48c48b47b21b7bab0
1001067,TC,BERYL-24,Tropical Cyclone BERYL-24,"Red Tropical Cyclone BERYL-24 in Haiti, Grenada, Jamaica, Trinidad and Tobago, Saint Vincent and the Grenadines, Mexico, Belize, United States from: 28 Jun 2024  to: 09 Jul 2024 .",RED,St. Vincent and the Grenadines; Grenada; Cayman Islands; Mexico; Jamaica; United States,1719608400000,2024,1720515600000,Hurricane (maximum wind speed of 269 km/h),33.9,-93.7,1727766190151,port358; port373; port481; port963; port1285; port1023; port1144; port574; port336; port572; port763; port840; port949; port1102; port389; port1223,16,9 million (Source: GDACS),f47027ca577c458bb00a14c389cd8ec4
1001072,TC,GAEMI-24,Tropical Cyclone GAEMI-24,"Red Tropical Cyclone GAEMI-24 in Japan, Taiwan, China, Philippines from: 19 Jul 2024  to: 25 Jul 2024 .",RED,China; Taiwan Province of China,1721412000000,2024,1721908800000,Hurricane (maximum wind speed of 231 km/h),25.6,119.4,1727766190151,port370; port1074; port1192; port1403; port1405; port238; port482; port541; port681; port1252; port1261,11,24.7 million (Source: GDACS),3093e1e250d5474291d7b7ef8a88fd0a
1001082,TC,AMPIL-24,Tropical Cyclone AMPIL-24,Red Tropical Cyclone AMPIL-24 in Japan from: 12 Aug 2024  to: 18 Aug 2024 .,RED,Japan,1723464000000,2024,1723960800000,Hurricane (maximum wind speed of 213 km/h),40.5,155.3,1728469086877,,0,1.2 million (Source: GDACS),
1021078,WF,Forest fires in Greece,Forest fires in Greece,Red Forest fires in Greece from: 11 Aug 2024 to: 13 Aug 2024.,RED,Greece,1723334400000,2024,1723507200000,Red impact for forestfire in 8206 ha,38.15125,23.92598,1728469086877,,0,,
1001101,TC,HELENE-24,Tropical Cyclone HELENE-24,"Red Tropical Cyclone HELENE-24 in United States, Mexico, Belize from: 23 Sep 2024  to: 27 Sep 2024 .",RED,Mexico; United States,1727103600000,2024,1727470800000,Hurricane (maximum wind speed of 222 km/h),37.5,-85.5,1728469086877,port879; port1144,2,1.3 million (Source: GDACS),42ada76f830c4cb58821d311383c4da0
1001090,TC,YAGI-24,Tropical Cyclone YAGI-24,"Red Tropical Cyclone YAGI-24 in China, Viet Nam, Philippines from: 01 Sep 2024  to: 07 Sep 2024 .",RED,Vietnam; China,1725192000000,2024,1725688800000,Hurricane (maximum wind speed of 241 km/h),21,106.9,1728469086877,port123; port136; port242; port339; port424; port437; port1071; port1196; port1409; port1426; port434; port473,12,31.5 million (Source: GDACS),0387d1f7d4ae4eb2a872db5de07e9c78
10000003,OT,US PORTS STRIKE,US Ports Strike,"Labor strike affecting many ports across the US East and Gulf Coasts, as well as the Port of Montreal in Canada",RED,,1727740800000,2024,1727906400000,,29.77081,-95.35517,1727962353164,port812; port815; port826; port103; port901; port159; port513; port736; port754; port1170; port1259; port1398; port231; port481; port766; port2066; port951,17,,9e9f1ca4abad4948af5caed716c137f3
1001111,TC,MILTON-24,Tropical Cyclone MILTON-24,"Red Tropical Cyclone MILTON-24 in Mexico, United States from: 05 Oct 2024  to: 09 Oct 2024 .",RED,Mexico; United States,1728140400000,2024,1728464400000,Hurricane (maximum wind speed of 287 km/h),24.5,-85.4,1728469086877,port212; port876; port967; port1259; port1023,5,5.5 million (Source: GDACS),6c5f734acb3a49209d1efa314fad3b08
1001124,TC,MAN-YI-24,Tropical Cyclone MAN-YI-24,"Red Tropical Cyclone MAN-YI-24 in Philippines, China, Guam from: 09 Nov 2024  to: 19 Nov 2024 .",RED,"Philippines, China, Guam",1731110400000,2024,1732017600000,Hurricane (maximum wind speed of 259 km/h),18.1,112.1,1743233631549,,0,7.1 million (Source: GDACS),
1001126,TC,USAGI-24,Tropical Cyclone USAGI-24,"Red Tropical Cyclone USAGI-24 in Philippines, Taiwan from: 11 Nov 2024  to: 16 Nov 2024 .",RED,"Philippines, Taiwan",1731283200000,2024,1731736800000,Hurricane (maximum wind speed of 241 km/h),22.2,120.6,1743233631549,,0,1.2 million (Source: GDACS),
1001121,TC,YINXING-24,Tropical Cyclone YINXING-24,"Red Tropical Cyclone YINXING-24 in Philippines, Viet Nam from: 03 Nov 2024  to: 12 Nov 2024 .",RED,"Philippines, Viet Nam",1730613600000,2024,1731412800000,Hurricane (maximum wind speed of 231 km/h),14,108.6,1743233631549,,0,1.6 million (Source: GDACS),
1001118,TC,KONG-REY-24,Tropical Cyclone KONG-REY-24,"Red Tropical Cyclone KONG-REY-24 in Philippines, Taiwan, China, Japan from: 25 Oct 2024  to: 01 Nov 2024 .",RED,Taiwan Province of China; China,1729814400000,2024,1730484000000,Hurricane (maximum wind speed of 241 km/h),32.2,126.1,1743233631549,port238; port824; port681; port2230; port1390; port2229; port541; port1074; port438; port482; port1405; port1261; port1192; port370; port1252; port1404; port1403,17,15.8 million (Source: GDACS),8a0fa020db1c41418971e9ad621376c5
1102974,FL,Flood in India,Flood in India,Red Flood in India from: 20 Oct 2024 01 to: 26 Oct 2024 01.,RED,India,1729386000000,2024,1729904400000,,20.54312,84.68974,1743233631549,port883; port442; port207; port290,4,,acd01d6724e54fd38f51a282856cdea7
1001117,TC,DANA-24,Tropical Cyclone DANA-24,Red Tropical Cyclone DANA-24 in India from: 23 Oct 2024  to: 25 Oct 2024 .,RED,India,1729663200000,2024,1729814400000,Hurricane (maximum wind speed of 120 km/h),20.8,86.9,1743233631549,port883; port290,2,9.2 million (Source: GDACS),61640e351cc846aea17d94a763b36ba5
1474479,EQ,Earthquake in Myanmar,Earthquake in Myanmar,Red M 6.7 Earthquake in Myanmar at: 28 Mar 2025 06:32:04.,RED,Myanmar,1743143524000,2025,1743143524000,"Magnitude 6.7M, Depth:10km",21.7073,95.9692,1743233631549,,0,,
1474477,EQ,Earthquake in Myanmar,Earthquake in Myanmar,Red M 7.7 Earthquake in Myanmar at: 28 Mar 2025 06:20:54.,RED,Myanmar,1743142854000,2025,1743142854000,"Magnitude 7.7M, Depth:10km",22.0128,95.9216,1743233631549,,0,,
1461014,EQ,Earthquake in China,Earthquake in China,Red M 7.1 Earthquake in China at: 07 Jan 2025 01:05:16.,RED,China,1736211916000,2025,1736211916000,"Magnitude 7.1M, Depth:10km",28.639,87.3608,1743233631549,,0,,
1001154,TC,JUDE-25,Tropical Cyclone JUDE-25,"Red Tropical Cyclone JUDE-25 in Mozambique, Madagascar from: 08 Mar 2025  to: 16 Mar 2025 .",RED,Madagascar; Mozambique,1741456800000,2025,1742083200000,Hurricane (maximum wind speed of 148 km/h),-26.04,51.93,1743233631549,port1307; port784; port340,3,2 million (Source: GDACS),741cbca36fb74752a8b9624f447fe27b
1001151,TC,GARANCE-25,Tropical Cyclone GARANCE-25,Red Tropical Cyclone GARANCE-25 in La Reunion from: 25 Feb 2025  to: 02 Mar 2025 .,RED,Réunion,1740441600000,2025,1740873600000,Hurricane (maximum wind speed of 201 km/h),-32.41,56.82,1743233631549,port950,1,,bc0945c0bec84ace9d88e4b1d78d3382
1458084,EQ,Earthquake in Vanuatu,Earthquake in Vanuatu,Red M 7.3 Earthquake in Vanuatu at: 17 Dec 2024 01:47:25.,RED,Vanuatu,1734400045000,2024,1734400045000,"Magnitude 7.3M, Depth:57.094km",-17.6859,168.0338,1743233631549,port980,1,,d9f1cd11bcad466f9ce50f174bc4a4d9
1001131,TC,CHIDO-25,Tropical Cyclone CHIDO-25,"Red Tropical Cyclone CHIDO-25 in Mozambique, Miscellaneous (French) Indian Ocean Islands, Madagascar, Comoros, Mayotte from: 09 Dec 2024  to: 16 Dec 2024 .",RED,Mozambique; Mayotte,1733767200000,2024,1734350400000,Hurricane (maximum wind speed of 243 km/h),-16.55,33.77,1743233631549,port982; port896,2,,0461e32d3a3a496db34c0fcb4f802442
1496100,EQ,Earthquake in Indonesia,Earthquake in Indonesia,Red M 5.8 Earthquake in Indonesia at: 16 Aug 2025 22:38:52.,RED,Indonesia,1755383932000,2025,1755383932000,"Magnitude 5.8M, Depth:10km",-1.2569,120.7409,1759773822647,,0,,
1001199,TC,KAJIKI-25,Tropical Cyclone KAJIKI-25,"Red Tropical Cyclone KAJIKI-25 in China, Viet Nam, Laos from: 22 Aug 2025  to: 25 Aug 2025 .",RED,China; Vietnam,1755864000000,2025,1756123200000,Hurricane (maximum wind speed of 176 km/h),18.6,105.7,1759773926919,port819; port123; port2405,3,4.5 million (Source: GDACS),ac2ab6950be24be78651406ff4a48fd3
1498339,EQ,Earthquake in Afghanistan,Earthquake in Afghanistan,Red M 6 Earthquake in Afghanistan at: 31 Aug 2025 19:17:34.,RED,Afghanistan,1756667854000,2025,1756667854000,"Magnitude 6M, Depth:8km",34.7061,70.7934,1759773980096,,0,,
1498907,EQ,Earthquake in Afghanistan,Earthquake in Afghanistan,Red M 5.6 Earthquake in Afghanistan at: 04 Sep 2025 16:56:24.,RED,Afghanistan,1757004984000,2025,1757004984000,"Magnitude 5.6M, Depth:10km",34.719,70.7909,1759774040248,,0,,
1001214,TC,BUALOI-25,Tropical Cyclone BUALOI-25,"Red Tropical Cyclone BUALOI-25 in Viet Nam, Philippines, Laos from: 23 Sep 2025  to: 28 Sep 2025 .",RED,Vietnam,1758628800000,2025,1759082400000,Hurricane (maximum wind speed of 148 km/h),18.2,106.2,1759774040248,port269; port819; port2405,3,6.9 million (Source: GDACS),4877524fdb7c445db72a442c5f4c6f97
1103514,FL,Flood in China,Flood in China,Red Flood in China from: 23 Sep 2025 01 to: 25 Sep 2025 01.,RED,Hong Kong SAR,1758589200000,2025,1758762000000,,22.35063,114.1849,1759774040248,port474,1,,ba4836d421a64310984bb04854a15168
1001211,TC,RAGASA-25,Tropical Cyclone RAGASA-25,"Red Tropical Cyclone RAGASA-25 in Philippines, China from: 18 Sep 2025  to: 24 Sep 2025 .",RED,China; Macao SAR; Hong Kong SAR,1758196800000,2025,1758715200000,Hurricane (maximum wind speed of 269 km/h),21.8,111.1,1759774040248,port2019; port436; port339; port2028; port136; port1071; port1414; port2112; port484; port1189; port1196; port2029; port2287; port424; port674; port474; port423; port2383; port1426; port2030,20,47.2 million (Source: GDACS),cb89aca0c9a640e9bba3c7816fa746f7
1001219,TC,MATMO-25,Tropical Cyclone MATMO-25,"Red Tropical Cyclone MATMO-25 in China, Viet Nam, Philippines from: 01 Oct 2025  to: 05 Oct 2025 .",RED,China,1759298400000,2025,1759687200000,Hurricane (maximum wind speed of 167 km/h),21.9,108.5,1761725190590,port437; port339; port136; port1071; port1196; port424; port242; port1426,8,20 million (Source: GDACS),d1c3e4dd8f4342fd98f587856420c073
1502713,EQ,Earthquake in Philippines,Earthquake in Philippines,Orange M 6.9 Earthquake in Philippines at: 30 Sep 2025 13:59:43.,ORANGE,Philippines,1759240783000,2025,1759240783000,"Magnitude 6.9M, Depth:10km",11.1514,124.1376,1759774595295,port2207; port224; port858,3,,9626abce4e994e70ba102a35f9ffb1ce
1001230,TC,MELISSA-25,Tropical Cyclone MELISSA-25,"Red Tropical Cyclone MELISSA-25 in Jamaica, Cuba, Bahamas, Bermuda, Haiti, Canada from: 21 Oct 2025  to: 31 Oct 2025 .",RED,Jamaica; Cuba; The Bahamas; Canada,1761058800000,2025,1761922800000,Hurricane (maximum wind speed of 296 km/h),39,-60.5,1762326758953,port1220; port256; port1102; port835; port2172; port336; port388; port2332; port66; port949; port2330; port1156; port840; port223; port763; port2105; port572,17,2.8 million (Source: GDACS),e34846541688462e8808638878306dba
1508467,EQ,Earthquake in Afghanistan,Earthquake in Afghanistan,Red M 6.3 Earthquake in Afghanistan at: 02 Nov 2025 20:29:02.,RED,Afghanistan,1762115342000,2025,1762115342000,"Magnitude 6.3M, Depth:28km",36.5894,67.4843,1762862933372,,0,,
1001233,TC,KALMAEGI-25,Tropical Cyclone KALMAEGI-25,"Red Tropical Cyclone KALMAEGI-25 in Viet Nam, Cambodia, Philippines, Laos from: 01 Nov 2025  to: 06 Nov 2025 .",RED,Philippines; Vietnam,1761976800000,2025,1762430400000,Hurricane (maximum wind speed of 213 km/h),13.6,109.1,1762862933372,port2207; port2262; port1078; port224; port2395; port2055; port858,7,14.1 million (Source: GDACS),1734eb93b6ea40f4867229955debf2cf
1001234,TC,FUNG-WONG-25,Tropical Cyclone FUNG-WONG-25,"Red Tropical Cyclone FUNG-WONG-25 in Philippines, China from: 04 Nov 2025  to: 11 Nov 2025 .",RED,Philippines,1762236000000,2025,1762840800000,Hurricane (maximum wind speed of 213 km/h),20.1,118.6,1762862933372,port2384; port1232; port694,3,21 million (Source: GDACS),c2ef10c4bd2a4528b780085f225e1c12
1001256,TC,GEZANI-26,Tropical Cyclone GEZANI-26,"Red Tropical Cyclone GEZANI-26 in Madagascar, Mozambique from: 06 Feb 2026  to: 18 Feb 2026 .",RED,"Madagascar, Mozambique",1770336000000,2026,1771416000000,Hurricane (maximum wind speed of 211 km/h),-35.63,41.6,1771623360667,,0,1.5 million (Source: GDACS),
10000004,OT,HORMUZ-26,Trade Disruptions in the Strait of Hormuz,Trade Disruptions in the Strait of Hormuz from: 01 Mar 2026  to: - .,RED,,1772323200000,2019,,,26.29685,56.85985,1772323200000,chokepoint6,1,,cc317ba850e34c4dadbead6f7b336fb1
1548377,EQ,Earthquake in Venezuela,Earthquake in Venezuela,Red M 7.5 Earthquake in Venezuela at: 24 Jun 2026 22:05:12.,RED,Venezuela,1782338712000,2026,1782338712000,"Magnitude 7.5M, Depth:10km",10.453,-68.5139,1784045057281,port1029; port320; port2260; port618,4,,076f32f7c4174f1da910d78fedce6623
1001279,TC,BAVI-26,Tropical Cyclone BAVI-26,"Red Tropical Cyclone BAVI-26 in Guam, Northern Mariana Islands, Japan, Taiwan, China from: 01 Jul 2026  to: 11 Jul 2026 .",RED,Guam; Taiwan Province of China; Northern Mariana Islands; Japan; China,1782864000000,2026,1783792800000,Hurricane (maximum wind speed of 287 km/h),28.7,120.4,1784137096489,port2180; port2173; port1427; port2421; port482; port2424; port2177; port2415; port1300; port61; port2040; port2504; port2422; port824; port2230; port2413; port2505; port2021; port238; port370; port2414; port1429; port2304; port1390; port1113; port2502; port2027; port2423; port2111; port2491; port2497; port1126; port2426; port1261; port438; port1403; port2302,37,35.3 million (Source: GDACS),e1706849ab254c9f92db48f4761a8924
1557236,EQ,Earthquake in Colombia,Earthquake in Colombia,Red M 7.4 Earthquake in Colombia at: 10 Aug 2026 12:34:28.,RED,Colombia,1786365268000,2026,1786365268000,"Magnitude 7.4M, Depth:110.285km",4.8436,-76.2422,1786788245013,,0,,
1029628,WF,Forest fires in France,Forest fires in France,Red Forest fires in France from: 22 Jul 2026 to: 01 Aug 2026.,RED,France,1784678400000,2026,1785542400000,Red impact for forestfire in 47910 ha,44.8463,-1.0329,1786788245013,,0,,
1558059,EQ,Earthquake in Indonesia,Earthquake in Indonesia,Red M 7.7 Earthquake in Indonesia at: 14 Aug 2026 21:58:21.,RED,Indonesia,1786744701000,2026,1786744701000,"Magnitude 7.7M, Depth:10km",-8.3101,121.3517,1786788245013,port325,1,,8412a4ae40104c35a27a1a8eded3a165
