port,source_url,snapshot_time_utc,si_no,berth,permissible_loa_m,permissible_draft_m,year_of_comission,cargo,equipment
Visakhapatnam,https://vizagport.com/Template/navigateTemplate/gnt/QmVydGhz,2026-09-07T16:25:18.924738+00:00,1.,EQ1,240.00,14.50,2015,Steam Coal,"2 Nos. 100 T HMCs, 2Nos. SERs, Rapid Loading System and Conveyor Ssystem"
Visakhapatnam,https://vizagport.com/Template/navigateTemplate/gnt/QmVydGhz,2026-09-07T16:25:18.924738+00:00,2.,2 Multi Purpose Berths ( EQ3 to EQ4 ),240.00,14.50,2019,Fertilizer Fertilizer Raw materials Steel Multi-Cargo,"Work
                                order issued for installation of 1 no 100T(MHC) MOBILE
                                HARBOUR CRANE"
Visakhapatnam,https://vizagport.com/Template/navigateTemplate/gnt/QmVydGhz,2026-09-07T16:25:18.924738+00:00,3.,EQ5 to EQ6 (PPP),240.00,11.50,1966,Iron ore Caustic soda Multi-cargo,"4
                                Nos. 2OT Capacity Electric wharf Cranes Project awarded to Everson"
Visakhapatnam,https://vizagport.com/Template/navigateTemplate/gnt/QmVydGhz,2026-09-07T16:25:18.924738+00:00,4.,EQ7 (PPP),240.00,14.50,1995,Multi-Cargo Iron ore Thermal coal,"1
                                no. 14OT HMC Project awarded to IPL & JM  Baxi"
Visakhapatnam,https://vizagport.com/Template/navigateTemplate/gnt/QmVydGhz,2026-09-07T16:25:18.924738+00:00,5.,EQ8 (BOT),235.00,14.50,2005,Dry Bulk,5Nos. 100T HMC
Visakhapatnam,https://vizagport.com/Template/navigateTemplate/gnt/QmVydGhz,2026-09-07T16:25:18.924738+00:00,6.,EQ9 (BOT),235.00,14.50,2005,Dry bulk,"- "" -"
Visakhapatnam,https://vizagport.com/Template/navigateTemplate/gnt/QmVydGhz,2026-09-07T16:25:18.924738+00:00,7.,EQ10 (PPP),160.00,11.00,2015,Caustic soda Edible oil,Unloading arms of 300TPH
Visakhapatnam,https://vizagport.com/Template/navigateTemplate/gnt/QmVydGhz,2026-09-07T16:25:18.924738+00:00,8.,WQ1,240.00,11.00,1994,Multi-Cargo Thermal Coal Iron Ore and Sulphuric Acid,"2 no. 140T HMC’s are operational from WQ1 to WQ3
                                berths."
Visakhapatnam,https://vizagport.com/Template/navigateTemplate/gnt/QmVydGhz,2026-09-07T16:25:18.924738+00:00,11.,WQ4,240.00,11.50,1965,Thermal coal Cooking coal Multi-Cargo Caustic soda(NALCO),"Bulk cargos are being handled with ship
                                cranes Caustic Soda is handled through under ground
                                pipeline"
Visakhapatnam,https://vizagport.com/Template/navigateTemplate/gnt/QmVydGhz,2026-09-07T16:25:18.924738+00:00,12.,WQ5,240.00,11.50,1965,Alumina (NALCO) Caustic Soda,Conveyor System for loading alumina (2200TPH) and Caustic Soda (600TPH)
Visakhapatnam,https://vizagport.com/Template/navigateTemplate/gnt/QmVydGhz,2026-09-07T16:25:18.924738+00:00,13.,WQ6,230.00,14.50,2015,C.P.Coke LAM Coke Steel Multi-Cargo,"2 Nos. 60T capacity Rail Mounted level luffing
                                cranes."
Visakhapatnam,https://vizagport.com/Template/navigateTemplate/gnt/QmVydGhz,2026-09-07T16:25:18.924738+00:00,14.,WQ7,240.00,14.50,2018,Manganese Ore Coal and Coke Multi-Cargo,"1 no 100 T HMC is operational at WQ7
                                & WQ8 berths. (Mechanization is in progress) Another 100T HMC shall be
                                deployed by June 2021"
Visakhapatnam,https://vizagport.com/Template/navigateTemplate/gnt/QmVydGhz,2026-09-07T16:25:18.924738+00:00,16.,Fertilizer Berth,200.00,10.06,1967,Fertilizer Liquid Ammonia Molten Sulphur,"Direct discharge through pipeline to
                                tank farms."
Visakhapatnam,https://vizagport.com/Template/navigateTemplate/gnt/QmVydGhz,2026-09-07T16:25:18.924738+00:00,17.,OR-I,195.00,11.00,1957,POL Styrene Monomer and Chemicals,"Direct discharge through pipeline to
                                tank farms."
Visakhapatnam,https://vizagport.com/Template/navigateTemplate/gnt/QmVydGhz,2026-09-07T16:25:18.924738+00:00,18.,OR-II,--,--,--,POL Styrene Monomer and Chemicals,"Direct discharge through pipeline to
                                tank farms."
Visakhapatnam,https://vizagport.com/Template/navigateTemplate/gnt/QmVydGhz,2026-09-07T16:25:18.924738+00:00,19.,OR-III,160.00,10.50,2021,POL Styrene Monomer and Chemicals,"Direct discharge through pipeline to tank
                                farms."
Visakhapatnam,https://vizagport.com/Template/navigateTemplate/gnt/QmVydGhz,2026-09-07T16:25:18.924738+00:00,20.,OSTT,280.00,17.00,1985,Crude oil and Petroleum products,"Three unloading arms with discharge
                                capacity of 5500 tonnes per hour"
Visakhapatnam,https://vizagport.com/Template/navigateTemplate/gnt/QmVydGhz,2026-09-07T16:25:18.924738+00:00,21.,LPG,230.00,14.00,1998,LPG and petroleum products,"Marine uploading arms, Pipelines and
                                Direct"
Visakhapatnam,https://vizagport.com/Template/navigateTemplate/gnt/QmVydGhz,2026-09-07T16:25:18.924738+00:00,22.,OB1 (PPP) OB2 (PPP),300.00 300.00,16.50 17.00,2015 2015,Iron Ore,fully  mechanised Iron Ore terminal
Visakhapatnam,https://vizagport.com/Template/navigateTemplate/gnt/QmVydGhz,2026-09-07T16:25:18.924738+00:00,23.,CRUISE TERMINAL,300.00,8.50,2023,Cruiser,"A world-class terminal featuring luxurious amenities, access to public transportation, and close proximity to attractions like Gardens, Hill Stations, Temples etc."
Visakhapatnam,https://vizagport.com/Template/navigateTemplate/gnt/QmVydGhz,2026-09-07T16:25:18.924738+00:00,24.,VGCB (PPP),300.00,18.10,2013,Coal,fully mechanised Coal terminal
Visakhapatnam,https://vizagport.com/Template/navigateTemplate/gnt/QmVydGhz,2026-09-07T16:25:18.924738+00:00,25.,VCTPL-1&2 (BOT),390.00,16.00,2003,Containers,7 Nos.   19Nos. RTGCS    5Nos. Reach Stackers
Visakhapatnam,https://vizagport.com/Template/navigateTemplate/gnt/QmVydGhz,2026-09-07T16:25:18.924738+00:00,26.,VCTPL-3&4 (PPP),390.00,16.00,2022,Containers,7 Nos.   19Nos. RTGCS    5Nos. Reach Stackers
