port,programme_date,snapshot_time_utc,berth,status,vessel,agent,operation,cargo,worked_today_mt,worked_upto_mt,balance_mt,raw_row
Visakhapatnam,2026-09-07,2026-09-08T16:13:26.511429+00:00,OB-1,OCCUPIED,ASTRID,,EXPORT,I.ORE FINES,12000.0,12000.0,47350.0,"OB-1 m.v ASTRID SCHULTE EVTL JYOTHI E/I.ORE FINES 12,000 12,000 47,350"
Visakhapatnam,2026-09-07,2026-09-08T16:13:26.511429+00:00,OB -2,VACANT,,,,,,,,OB -2 V A C A N T
Visakhapatnam,2026-09-07,2026-09-08T16:13:26.511429+00:00,C.TERMINAL,VACANT,,,,,,,,C.TERMINAL V A C A N T
Visakhapatnam,2026-09-07,2026-09-08T16:13:26.511429+00:00,VGCB,OCCUPIED,TRANSPACIFIC [GLP],,IMPORT,HARD COAL,31500.0,36323.0,42127.0,"VGCB m.v TRANSPACIFIC   [GLP] VGCB SEATRANS I/HARD COAL 31,500 36,323 42,127"
Visakhapatnam,2026-09-07,2026-09-08T16:13:26.511429+00:00,SPM,VACANT,,,,,,,,SPM V A C A N T
Visakhapatnam,2026-09-07,2026-09-08T16:13:26.511429+00:00,OSTT,VACANT,,,,,,,,OSTT V A C A N T
Visakhapatnam,2026-09-07,2026-09-08T16:13:26.511429+00:00,LPG,VACANT,,,,,,,,LPG V A C A N T
Visakhapatnam,2026-09-07,2026-09-08T16:13:26.511429+00:00,CB-1,VACANT,,,,,,,,CB-1 V A C A N T
Visakhapatnam,2026-09-07,2026-09-08T16:13:26.511429+00:00,CB-2,VACANT,,,,,,,,CB-2 V A C A N T
Visakhapatnam,2026-09-07,2026-09-08T16:13:26.511429+00:00,CB-3,OCCUPIED,TS,,I & E,,3391.0,3391.0,2953.0,CB-3 m.v TS QINGDAO VCTPL TS LINES I & E CONTAINERS 3391 3391 2953
Visakhapatnam,2026-09-07,2026-09-08T16:13:26.511429+00:00,CB-4,VACANT,,,,,,,,CB-4 V A C A N T
Visakhapatnam,2026-09-07,2026-09-08T16:13:26.511429+00:00,EQ-1A,OCCUPIED,LC,,IMPORT,HARD COAL,24000.0,24000.0,61700.0,"EQ-1A m.v LC PLANCHET  [GLP] [EQ-1A O & M] SEATRANS I/HARD COAL 24,000 24,000 61,700"
Visakhapatnam,2026-09-07,2026-09-08T16:13:26.511429+00:00,EQ-1,VACANT,,,,,,,,EQ-1 V A C A N T
Visakhapatnam,2026-09-07,2026-09-08T16:13:26.511429+00:00,EQ-3,OCCUPIED,SYLVAN,,IMPORT,MOP,7480.0,17453.0,32077.0,"EQ-3 m.v SYLVAN T Seniority J.M.BAXI I/MOP 7,480 17,453 32,077"
Visakhapatnam,2026-09-07,2026-09-08T16:13:26.511429+00:00,EQ-4,OCCUPIED,PIONEER,,EXPORT,"ST.AGG,CEMENT & G/CARGO",3000.0,3000.0,17000.0,"EQ-4 m.v PIONEER KIRA Seniority FAIRMACS E/ST.AGG,CEMENT & G/CARGO 3,000 3,000 17,000"
Visakhapatnam,2026-09-07,2026-09-08T16:13:26.511429+00:00,EQ-5,VACANT,,,,,,,,EQ-5 V A C A N T
Visakhapatnam,2026-09-07,2026-09-08T16:13:26.511429+00:00,EQ-6,OCCUPIED,YASA,,IMPORT,UREA,6700.0,12980.0,36473.0,"EQ-6 m.v YASA KAPTAN ERBIL EVERSUN IOS I/UREA 6,700 12,980 36,473"
Visakhapatnam,2026-09-07,2026-09-08T16:13:26.511429+00:00,EQ-7,VACANT,,,,,,,,EQ-7 V A C A N T
Visakhapatnam,2026-09-07,2026-09-08T16:13:26.511429+00:00,EQ-8,OCCUPIED,SANTA,,IMPORT,COKING COAL,19976.0,45528.0,0.0,"EQ-8 m.v SANTA REGINA VSPL OSL I/COKING COAL 19,976 45,528 0"
Visakhapatnam,2026-09-07,2026-09-08T16:13:26.511429+00:00,EQ-9,VACANT,,,,,,,,EQ-9 V A C A N T
Visakhapatnam,2026-09-07,2026-09-08T16:13:26.511429+00:00,EQ-10,VACANT,,,,,,,,EQ-10 V A C A N T
Visakhapatnam,2026-09-07,2026-09-08T16:13:26.511429+00:00,Gr.Ch.B,VACANT,,,,,,,,Gr.Ch.B V A C A N T
Visakhapatnam,2026-09-07,2026-09-08T16:13:26.511429+00:00,WQ-1RE,VACANT,,,,,,,,WQ-1RE V A C A N T
Visakhapatnam,2026-09-07,2026-09-08T16:13:26.511429+00:00,WQ-1,OCCUPIED,DESERT,,IMPORT,M.ORE,10500.0,20865.0,8735.0,"WQ-1 m.v DESERT PIONEER Seniority GAC I/M.ORE 10,500 20,865 8,735"
Visakhapatnam,2026-09-07,2026-09-08T16:13:26.511429+00:00,WQ-2,OCCUPIED,OCEAN,,IMPORT,M.ORE,7600.0,23300.0,7350.0,"WQ-2 m.v OCEAN ROYAL Seniority BOTHRA I/M.ORE 7,600 23,300 7,350"
Visakhapatnam,2026-09-07,2026-09-08T16:13:26.511429+00:00,WQ-3,OCCUPIED,TAN,,EXPORT,STEEL CARGO,642.0,1612.0,686.0,"WQ-3 m.v TAN BINH 279 Seniority SEATRANS E/STEEL CARGO 642 1,612 686"
Visakhapatnam,2026-09-07,2026-09-08T16:13:26.511429+00:00,WQ-4,OCCUPIED,NORSE,,EXPORT,FERRO MANGANESE & STEEL CARGO,1873.0,15678.0,7572.0,"WQ-4 m.v NORSE MOBILE Seniority SAIANS E/FERRO MANGANESE & STEEL CARGO 1,873 15,678 7,572"
Visakhapatnam,2026-09-07,2026-09-08T16:13:26.511429+00:00,WQ-5,OCCUPIED,AFRICAN,,EXPORT,RICE BAGS & CP COKE,2404.0,11709.0,16291.0,"WQ-5 m.v AFRICAN TOUCAN Seniority ESHWAR E/RICE BAGS & CP COKE 2,404 11,709 16,291"
Visakhapatnam,2026-09-07,2026-09-08T16:13:26.511429+00:00,WQ-6,OCCUPIED,TRANSTIME,,IMPORT,NPK,10500.0,39459.0,14516.0,"WQ-6 m.v TRANSTIME ICTPL BOTHRA I/NPK 10,500 39,459 14,516"
Visakhapatnam,2026-09-07,2026-09-08T16:13:26.511429+00:00,WQ-7,UNAVAILABLE,,,,,,,,WQ-7 Handed over to m/s VMBCTPL for projecdt development
Visakhapatnam,2026-09-07,2026-09-08T16:13:26.511429+00:00,WQ-8,VACANT,,,,,,,,WQ-8 V A C A N T
Visakhapatnam,2026-09-07,2026-09-08T16:13:26.511429+00:00,OR-1,OCCUPIED,,,,,,,,OR-1 OR -1 Berth spared for Revamping by CE department
Visakhapatnam,2026-09-07,2026-09-08T16:13:26.511429+00:00,OR-2,OCCUPIED,AURORA,,IMPORT,VGO,4000.0,21300.0,15062.0,"OR-2 m.t AURORA I Seniority IOS I/VGO 4,000 21,300 15,062"
Visakhapatnam,2026-09-07,2026-09-08T16:13:26.511429+00:00,OR-3,OCCUPIED,ORCHIDS,,EXPORT,FO,1200.0,1200.0,8021.0,"OR-3 m.t ORCHIDS Seniority ATLANTIC E/FO 1,200 1,200 8,021"
Visakhapatnam,2026-09-07,2026-09-08T16:13:26.511429+00:00,FB,VACANT,,,,,,,,FB V A C A N T
