port,programme_date,snapshot_time_utc,section,row_no,vessel,vessel_type_source,nationality,expected_date,tonnes_mt,priority_marker,dimension_candidates,raw_row
Visakhapatnam,2026-09-07,2026-09-08T16:13:26.511429+00:00,IRON ORE EXPORTS,1,GCL TAPI,M.V,SINGAPORE,2026-09-07,106000.0,True,10.30," m.v GCL TAPI SINGAPORE 10.30 7-Sep JYOTHI 106,000 T *** *** 106,000 AMNS [75,000 DWT PRIORITY 04/09]"
Visakhapatnam,2026-09-07,2026-09-08T16:13:26.511429+00:00,IRON ORE EXPORTS,2,CHOLA UNITY,M.V,SINGAPORE,2026-09-10,76000.0,False,,"m.v CHOLA UNITY SINGAPORE PM 10-Sep JYOTHI 76,000 T *** *** 76,000 AMNS"
Visakhapatnam,2026-09-07,2026-09-08T16:13:26.511429+00:00,IRON ORE EXPORTS,3,ARIES STAR,M.V,LIBERIA,2026-09-13,76500.0,False,,"m.v ARIES STAR  LIBERIA PM 13-Sep JYOTHI 76,500 T *** *** 76,500 AMNS"
Visakhapatnam,2026-09-07,2026-09-08T16:13:26.511429+00:00,OTHER MULTIPLE GENERAL CARGOES,1,ELISAR,M.V,MALTA,2026-08-30,35500.0,False,09.34,"m.v ELISAR MALTA ROADS 09.34 30-Aug IOS 35,500 T ALUMINA IN BULK A/C PIONEER ALUMINA"
Visakhapatnam,2026-09-07,2026-09-08T16:13:26.511429+00:00,OTHER MULTIPLE GENERAL CARGOES,2,"DONG YI M.ISLAND ROADS 03.26 6-Sep SYNERGY 21,000 T FERRO MANGANESE IN BAGS A/C MORTEX , SARADA METAL & SHYAM FERRO",M.V,,,,False,,"m.v DONG YI M.ISLAND ROADS 03.26 6-Sep SYNERGY 21,000 T FERRO MANGANESE IN BAGS A/C MORTEX , SARADA METAL & SHYAM FERRO"
Visakhapatnam,2026-09-07,2026-09-08T16:13:26.511429+00:00,OTHER MULTIPLE GENERAL CARGOES,3,PRIX,M.V,PANAMA,2026-09-07,30600.0,True,07.00," m.v PRIX PANAMA 07.00 7-Sep NAVSHIP 30,600 T ALUMINA POWDER IN BULK A/ C NALCO [NALCO OUSTING PRIORITY 05/09]"
Visakhapatnam,2026-09-07,2026-09-08T16:13:26.511429+00:00,OTHER MULTIPLE GENERAL CARGOES,4,"ADIRONDACK LIBERIAN PM 7-Sep NAVSHIP 31,500 T ALUMINA POWDER IN BAGS A/ C UTKAL ALUMINA",M.V,,,,False,,"m.v ADIRONDACK LIBERIAN PM 7-Sep NAVSHIP 31,500 T ALUMINA POWDER IN BAGS A/ C UTKAL ALUMINA"
Visakhapatnam,2026-09-07,2026-09-08T16:13:26.511429+00:00,OTHER MULTIPLE GENERAL CARGOES,5,ZY HI SHENG,M.V,HONGKONG,2026-09-09,25000.0,False,,"m.v ZY HI SHENG HONGKONG 9-Sep ELITE 25,000 T GRANITE BLOCKS  A/ C VARIOUS [HMC REQUIRED]"
Visakhapatnam,2026-09-07,2026-09-08T16:13:26.511429+00:00,OTHER MULTIPLE GENERAL CARGOES,6,CORN,M.V,PANAMA,2026-09-10,30600.0,False,,"m.v CORN PANAMA AM 10-Sep RICH MARK 30,600 T ALUMINA IN BULK A/ C NALCO"
Visakhapatnam,2026-09-07,2026-09-08T16:13:26.511429+00:00,OTHER MULTIPLE GENERAL CARGOES,7,APJ INDRANI,M.V,INDIA,2026-09-10,76000.0,False,14.00,"m.v APJ INDRANI INDIA 14.00 10-Sep SEAPOL 76,000 T THERMAL COAL A/C TNPGCL"
Visakhapatnam,2026-09-07,2026-09-08T16:13:26.511429+00:00,FOOD GRAINS & OTHER EDIBLES,1,HOANG ANH 01 9.70,M.V,PANAMA,2026-09-07,20000.0,False,,"m.v HOANG ANH 01 9.70 PANAMA AM 7-Sep LOTUS 20,000 T MAIZE IN BULK A/C CP TRADING"
Visakhapatnam,2026-09-07,2026-09-08T16:13:26.511429+00:00,CRUDE & POL PRODUCTS,1,SHANDONG YIHE,M.T,HONGKONG,2026-09-03,34650.0,False,11.28,"m.t SHANDONG YIHE HONGKONG ROADS 11.28 3-Sep IOS 34,650 T FUEL OIL A/C HPCL"
Visakhapatnam,2026-09-07,2026-09-08T16:13:26.511429+00:00,CRUDE & POL PRODUCTS,2,HARI PRAKASH,M.T,INDIAN,2026-09-04,30000.0,False,14.53,"m.t HARI PRAKASH INDIAN ROADS 14.53 4-Sep K2 SHIPPING 30,000 T HSD A/C HPCL"
Visakhapatnam,2026-09-07,2026-09-08T16:13:26.511429+00:00,CRUDE & POL PRODUCTS,3,LOURDES,M.T,INDIAN,2026-09-07,,False,12.00,"m.t LOURDES INDIAN 12.00 7-Sep ATLANTIC 6,000 HSD & MS A/C HPCL"
Visakhapatnam,2026-09-07,2026-09-08T16:13:26.511429+00:00,CRUDE & POL PRODUCTS,4,LARGO ARIES,M.T,MALTA,2026-09-10,34500.0,False,11.00,"m.t LARGO ARIES MALTA 11.00 10-Sep ATLANTIC 34,500 T HSD A/C HPCL"
Visakhapatnam,2026-09-07,2026-09-08T16:13:26.511429+00:00,CRUDE & POL PRODUCTS,5,HAFNIA BOBCAT,M.T,SINGAPORE,2026-09-10,34650.0,False,12.00,"m.t HAFNIA BOBCAT SINGAPORE 12.00 10-Sep IOS 34,650 T FUEL OIL A/C HPCL"
Visakhapatnam,2026-09-07,2026-09-08T16:13:26.511429+00:00,FERTILIZERS IMPORTS,1,KIRAN ADRIATIC 11.55,M.V,MALTA,2026-09-07,54150.0,False,20.00,"m.v KIRAN ADRIATIC 11.55 MALTA 20.00 7-Sep SEALINK 54,150 T MOP A/C IPL"
Visakhapatnam,2026-09-07,2026-09-08T16:13:26.511429+00:00,FERTILIZERS IMPORTS,2,AL KARAMA,M.V,LIBERIA,2026-09-09,39802.0,True,," m.v AL KARAMA LIBERIA AM 9-Sep CESAC 39,802 T SULPHUR A/C CIL  [FERTILISER PRIORITY 03/09]"
Visakhapatnam,2026-09-07,2026-09-08T16:13:26.511429+00:00,FERTILIZERS IMPORTS,3,MARIANNA VICTORY,LPG/C.,PANAMA,2026-09-10,7000.0,False,,"LPG/C. MARIANNA VICTORY PANAMA AM 10-Sep K.R.SONS 7,000 T L.AMMONIA A/C CIL"
Visakhapatnam,2026-09-07,2026-09-08T16:13:26.511429+00:00,FERTILIZERS IMPORTS,4,STAR BRIGHT 12.73,M.V,LIBERIA,2026-09-11,53456.0,True,," m.v STAR BRIGHT 12.73 LIBERIA AM 11-Sep CESAC 53,456 T R.PHOSPHATE A/C CIL [FERTILISER PRIORITY 03/09]"
Visakhapatnam,2026-09-07,2026-09-08T16:13:26.511429+00:00,FERTILIZERS IMPORTS,5,SAEHAN KOSTAR,M.T,KOREA,2026-09-14,18000.0,False,02.00,"m.t SAEHAN KOSTAR KOREA 02.00 14-Sep SEATRANS 18,000 T S.ACID A/C CIL"
Visakhapatnam,2026-09-07,2026-09-08T16:13:26.511429+00:00,FERTILIZERS IMPORTS,6,"SIGMA PEARL 9.90 M.ISLAND AM 14-Sep ALAP 30,332 T R.PHOSPHATE A/C CIL [FERTILISER PRIORITY 02/09]",M.V,,,,True,," m.v SIGMA PEARL 9.90 M.ISLAND AM 14-Sep ALAP 30,332 T R.PHOSPHATE A/C CIL [FERTILISER PRIORITY 02/09]"
Visakhapatnam,2026-09-07,2026-09-08T16:13:26.511429+00:00,FERTILIZERS IMPORTS,7,ETERNITY AFRICA,M.T,PANAMA,2026-09-14,50000.0,False,,"m.t ETERNITY AFRICA PANAMA AM 14-Sep CESEC 50,000 T ROCK PHOSPHATE A/C CIL"
Visakhapatnam,2026-09-07,2026-09-08T16:13:26.511429+00:00,FERTILIZERS IMPORTS,8,AMIRA LAYLA 9.90,M.V,SAN MARINO,2026-09-23,31033.0,False,,"m.v AMIRA LAYLA 9.90 SAN MARINO 23-Sep RDS OIL & GAS 31,033 T ROCK PHOSPHATE A/C CIL"
Visakhapatnam,2026-09-07,2026-09-08T16:13:26.511429+00:00,COAL AND COKE,1,JAG ABHISHEK,M.V,M.ISLANDS,2026-09-06,78699.0,False,08.56,"m.v JAG ABHISHEK M.ISLANDS ROADS 08.56 6-Sep IMPERIAL 78,699 T COKING COAL A/C SAIL [VGCB]"
Visakhapatnam,2026-09-07,2026-09-08T16:13:26.511429+00:00,COAL AND COKE,2,NEW EXCELLENCE 14.50 229.00 32.26,M.V,M.ISLANDS,2026-09-07,43860.0,False,01.01,"m.v NEW EXCELLENCE 14.50 229.00 32.26 M.ISLANDS ROADS 01.01 7-Sep OSL 43,860 T COKING COAL A/C SAIL [VSPL]"
Visakhapatnam,2026-09-07,2026-09-08T16:13:26.511429+00:00,COAL AND COKE,3,ARIES STAR [GLP],M.V,M.ISLANDS,2026-09-08,51500.0,False,,"m.v ARIES STAR  [GLP] M.ISLANDS PM 8-Sep SEATRANS 51,500 T HARD COAL A/C AMNS [VSPL]"
Visakhapatnam,2026-09-07,2026-09-08T16:13:26.511429+00:00,COAL AND COKE,4,GADWALL,M.V,LIBERIA,2026-09-16,32999.0,False,20.00,"m.v GADWALL LIBERIA 20.00 16-Sep BENLINE 32,999 T PET COKE A/C SANVIRA"
Visakhapatnam,2026-09-07,2026-09-08T16:13:26.511429+00:00,COAL AND COKE,5,LYNUX ROSETTA,M.V,M.ISLANDS,2026-09-20,37150.0,False,,"m.v LYNUX ROSETTA M.ISLANDS PM 20-Sep JYOTHI 37,150 T PET COKE A/C RCL"
Visakhapatnam,2026-09-07,2026-09-08T16:13:26.511429+00:00,COAL AND COKE,6,BAO YI,M.V,PANAMA,2026-09-24,5000.0,False,,"m.v BAO YI PANAMA AM 24-Sep GFSA 5,000 T MET COKE A/C INDIAN METALS AND FERRO ALLOYS LTD"
Visakhapatnam,2026-09-07,2026-09-08T16:13:26.511429+00:00,OTHER MULTIPLE GENERAL CARGO,1,SPIRIT OF SEATREK,M.V,SINGAPORE,2026-09-05,22550.0,False,03.41,"m.v SPIRIT OF SEATREK SINGAPORE ROADS 03.41 5-Sep BOTHRA 22,550 T M.ORE A/C VARIOUS"
Visakhapatnam,2026-09-07,2026-09-08T16:13:26.511429+00:00,OTHER MULTIPLE GENERAL CARGO,2,DAEWOO DIAMOND,M.T,PANAMA,2026-09-06,4000.0,False,04.52,"m.t DAEWOO DIAMOND PANAMA ROADS 04.52 6-Sep WMSPL 4,000 T CHEMICALS  A/C AKIN CHEMICALS PVT LTD"
Visakhapatnam,2026-09-07,2026-09-08T16:13:26.511429+00:00,OTHER MULTIPLE GENERAL CARGO,3,ALBERTA,M.V,NIGERIA,2026-09-07,32790.0,False,08.00,"m.v ALBERTA NIGERIA 08.00 7-Sep INTEGRAL 32,790 T M.ORE A/C VARIOUS"
Visakhapatnam,2026-09-07,2026-09-08T16:13:26.511429+00:00,OTHER MULTIPLE GENERAL CARGO,4,DARYA MAYA,M.V,M.ISLANDS,2026-09-08,30000.0,False,07.00,"m.v DARYA MAYA M.ISLANDS 07.00 8-Sep INTEGRAL 30,000 T M.ORE A/C VARIOUS"
Visakhapatnam,2026-09-07,2026-09-08T16:13:26.511429+00:00,OTHER MULTIPLE GENERAL CARGO,5,NAVIOS MERDIAN [GLP] 14.50,M.V,PANAMA,2026-09-09,49850.0,False,07.00,"m.v NAVIOS MERDIAN  [GLP] 14.50 PANAMA 07.00 9-Sep GAC 49,850 T M.ORE A/C VARIOUS"
Visakhapatnam,2026-09-07,2026-09-08T16:13:26.511429+00:00,OTHER MULTIPLE GENERAL CARGO,6,DH EPOCH,M.T,MALTA,2026-09-10,2423.0,False,,"m.t DH EPOCH MALTA AM 10-Sep SAMUDRA 2,423 T CHEMICALS A/C TRICON ENERGY"
Visakhapatnam,2026-09-07,2026-09-08T16:13:26.511429+00:00,OTHER MULTIPLE GENERAL CARGO,7,CL FUZHOU HE 11.75,M.V,LIBERIA,2026-09-11,27900.0,False,,"m.v CL FUZHOU HE 11.75 LIBERIA PM 11-Sep BOTHRA 27,900 T M.ORE A/C VARIOUS"
Visakhapatnam,2026-09-07,2026-09-08T16:13:26.511429+00:00,OTHER MULTIPLE GENERAL CARGO,8,FLAG GANGOS,M.V,MALTA,2026-09-13,26847.0,False,10.00,"m.v FLAG GANGOS MALTA 10.00 13-Sep GAC 26,847 T M.ORE A/C VARIOUS"
Visakhapatnam,2026-09-07,2026-09-08T16:13:26.511429+00:00,OTHER MULTIPLE GENERAL CARGO,9,GOLDEN ISLAnd,M.V,PANAMA,2026-09-13,29420.0,False,,"m.v GOLDEN ISLAnd PANAMA 13-Sep RVSS 29,420 T M.ORE A/C VARIOUS"
Visakhapatnam,2026-09-07,2026-09-08T16:13:26.511429+00:00,OTHER MULTIPLE GENERAL CARGO,10,SIKINOS,M.V,M.ISLANDS,2026-09-15,30000.0,False,,"m.v SIKINOS M.ISLANDS 15-Sep GAC 30,000 T M.ORE A/C VARIOUS"
Visakhapatnam,2026-09-07,2026-09-08T16:13:26.511429+00:00,CONTAINERS,1,MARINA VOYAGER,M.V,PANAMA,2026-09-07,24000.0,False,05.03,"m.v MARINA VOYAGER PANAMA ROADS 05.03 7-Sep MAERSK 24,000 T CONTAINERS IMP <>700<>EXP <>800 TEUS"
Visakhapatnam,2026-09-07,2026-09-08T16:13:26.511429+00:00,CONTAINERS,2,OCEAN FREEDOM,M.V,USA,2026-09-08,500.0,False,06.00,m.v OCEAN FREEDOM USA 06.00 8-Sep K2 SHIPPING 500 T CONTAINERS IMP <>NIL<>EXP <>41 TEUS
Visakhapatnam,2026-09-07,2026-09-08T16:13:26.511429+00:00,CONTAINERS,3,"SSL KRISHNA INDAIN 11-Sep UNIFEEDEER 12,000 T CONTAINERS IMP <>150<>EXP <>250 TEUS",M.V,,,,False,,"m.v SSL KRISHNA INDAIN 11-Sep UNIFEEDEER 12,000 T CONTAINERS IMP <>150<>EXP <>250 TEUS"
Visakhapatnam,2026-09-07,2026-09-08T16:13:26.511429+00:00,CONTAINERS,4,BLPL FAITH,M.V,PANAMA,2026-09-11,6700.0,False,18.00,"m.v BLPL FAITH PANAMA 18.00 11-Sep TLPL 6,700 T CONTAINERS IMP <>170<>EXP <>120 TEUS"
Visakhapatnam,2026-09-07,2026-09-08T16:13:26.511429+00:00,CRUDE & POL PRODUCTS,1,SWARNA KALASH,M.T,INDIAN,2026-09-06,35228.0,False,03.12,"m.t SWARNA KALASH INDIAN ROADS 03.12 6-Sep SRAVAN 35,228 T HSD & MS A/C BPCL"
Visakhapatnam,2026-09-07,2026-09-08T16:13:26.511429+00:00,CRUDE & POL PRODUCTS,2,SWARNA PUSHP,M.T,INDIAN,2026-09-07,40000.0,False,09.00,"m.t SWARNA PUSHP INDIAN 09.00 7-Sep AVBGPR 40,000 T HSD A/C HPCL"
Visakhapatnam,2026-09-07,2026-09-08T16:13:26.511429+00:00,CRUDE & POL PRODUCTS,3,PINE GAS,LPG/C,INDIAN,2026-09-07,16000.0,False,23.00,"LPG/C PINE GAS INDIAN 23.00 7-Sep ATLANTIC 16,000 T LPG A/C HPCL,IOCL & BPCL"
Visakhapatnam,2026-09-07,2026-09-08T16:13:26.511429+00:00,CRUDE & POL PRODUCTS,4,FUTURE EXPLORER,LPG/C,PANAMA,2026-09-08,24000.0,False,01.00,"LPG/C FUTURE EXPLORER PANAMA 01.00 8-Sep ATLANTIC 24,000 T LPG A/C HPCL,IOCL & BPCL"
Visakhapatnam,2026-09-07,2026-09-08T16:13:26.511429+00:00,CRUDE & POL PRODUCTS,5,PAPILLON,M.T,BAHAMAS,2026-09-09,9000.0,False,23.00,"m.t PAPILLON BAHAMAS 23.00 9-Sep ATLANTIC 9,000 T NAPTHA A/c HPL"
Visakhapatnam,2026-09-07,2026-09-08T16:13:26.511429+00:00,CRUDE & POL PRODUCTS,6,CAPITAL,M.T,INDIAN,2026-09-12,6760.0,False,08.00,"m.t CAPITAL INDIAN 08.00 12-Sep ATLANTIC 6,760 T HSD & MS A/C RELIANCE"
Visakhapatnam,2026-09-07,2026-09-08T16:13:26.511429+00:00,CRUDE & POL PRODUCTS,7,PATMOS I,M.T,LIBERIA,2026-09-13,145000.0,False,15.00,"m.t PATMOS I LIBERIA 15.00 13-Sep ATLANTIC 145,000 T CRUDE OIL  A/C HPCL"
Visakhapatnam,2026-09-07,2026-09-08T16:13:26.511429+00:00,CRUDE & POL PRODUCTS,8,SEA WAYS LIBERITY,M.T,M.ISLANDS,2026-09-26,286213.0,False,12.00,"m.t SEA WAYS LIBERITY M.ISLANDS 12.00 26-Sep ATLANTIC 286,213 T CRUDE OIL  A/C HPCL"
