filename,pages,traffic_date,held_on,text_start
DTR0107.pdf,7,2026-06-30,2026-07-01,PARADIP PORT AUTHORITY TRAFFIC DEPARTMENT DAILY TRAFFIC UPDATE FOR 30-06-2026 HELD ON DT: 01-07-2026 A. WORKING VESSELS AS ON 01-07-2026 AT 0600 HRS AFTER MEETING VESSEL SIZE TONNAGENAME OF THE VESSEL/ SA REMARKSD/L DAY'S TOTAL NORM DRAFT LOA BEAM MQ
DTR2208-3.pdf,6,2026-08-21,2026-08-22,PARADIP PORT AUTHORITY TRAFFIC DEPARTMENT DAILY TRAFFIC UPDATE FOR 21-08-2026 HELD ON DT: 22-08-2026 A. WORKING VESSELS AS ON 22-08-2026 AT 0600 HRS AFTER MEETING VESSEL SIZE TONNAGENAME OF THE VESSEL/ SA REMARKSD/L DAY'S TOTAL NORM DRAFT LOA BEAM MQ
dtr0108.pdf,6,2026-07-31,2026-08-01,PARADIP PORT AUTHORITY TRAFFIC DEPARTMENT DAILY TRAFFIC UPDATE FOR 31-07-2026 HELD ON DT: 01-08-2026 A. WORKING VESSELS AS ON 01-08-2026 AT 0600 HRS AFTER MEETING VESSEL SIZE TONNAGENAME OF THE VESSEL/ SA REMARKSD/L DAY'S TOTAL NORM DRAFT LOA BEAM MQ
dtr0109.pdf,6,2026-08-31,2026-09-01,PARADIP PORT AUTHORITY TRAFFIC DEPARTMENT DAILY TRAFFIC UPDATE FOR 31-08-2026 HELD ON DT: 01-09-2026 A. WORKING VESSELS AS ON 01-09-2026 AT 0600 HRS AFTER MEETING VESSEL SIZE TONNAGENAME OF THE VESSEL/ SA REMARKSD/L DAY'S TOTAL NORM DRAFT LOA BEAM MQ
dtr0111.pdf,6,2025-10-31,2025-11-01,PARADIP PORT AUTHORITY TRAFFIC DEPARTMENT DAILY TRAFFIC UPDATE FOR 31-10-2025 HELD ON DT: 01-11-2025 A. WORKING VESSELS AS ON 01-11-2025 AT 0600 HRS AFTER MEETING VESSEL SIZE TONNAGENAME OF THE VESSEL/ SA REMARKSD/L DAY'S TOTAL NORM DRAFT LOA BEAM MQ
dtr0207.pdf,6,2026-07-01,2026-07-02,PARADIP PORT AUTHORITY TRAFFIC DEPARTMENT DAILY TRAFFIC UPDATE FOR 01-07-2026 HELD ON DT: 02-07-2026 A. WORKING VESSELS AS ON 02-07-2026 AT 0600 HRS AFTER MEETING VESSEL SIZE TONNAGENAME OF THE VESSEL/ SA REMARKSD/L DAY'S TOTAL NORM DRAFT LOA BEAM MQ
dtr0208.pdf,7,2026-08-01,2026-08-02,PARADIP PORT AUTHORITY TRAFFIC DEPARTMENT DAILY TRAFFIC UPDATE FOR 01-08-2026 HELD ON DT: 02-08-2026 A. WORKING VESSELS AS ON 02-08-2026 AT 0600 HRS AFTER MEETING VESSEL SIZE TONNAGENAME OF THE VESSEL/ SA REMARKSD/L DAY'S TOTAL NORM DRAFT LOA BEAM MQ
dtr0209__compressed.pdf,6,2026-09-01,2026-09-02,PARADIP PORT AUTHORITY TRAFFIC DEPARTMENT DAILY TRAFFIC UPDATE FOR 01-09-2026 HELD ON DT: 02-09-2026 A. WORKING VESSELS AS ON 02-09-2026 AT 0600 HRS AFTER MEETING VESSEL SIZE TONNAGENAME OF THE VESSEL/ SA REMARKSD/L DAY'S TOTAL NORM DRAFT LOA BEAM MQ
dtr0211.pdf,6,2025-11-01,2025-11-02,PARADIP PORT AUTHORITY TRAFFIC DEPARTMENT DAILY TRAFFIC UPDATE FOR 01-11-2025 HELD ON DT: 02-11-2025 A. WORKING VESSELS AS ON 02-11-2025 AT 0600 HRS AFTER MEETING VESSEL SIZE TONNAGENAME OF THE VESSEL/ SA REMARKSD/L DAY'S TOTAL NORM DRAFT LOA BEAM MQ
dtr0307.pdf,6,2026-07-02,2026-07-03,PARADIP PORT AUTHORITY TRAFFIC DEPARTMENT DAILY TRAFFIC UPDATE FOR 02-07-2026 HELD ON DT: 03-07-2026 A. WORKING VESSELS AS ON 03-07-2026 AT 0600 HRS AFTER MEETING VESSEL SIZE TONNAGENAME OF THE VESSEL/ SA REMARKSD/L DAY'S TOTAL NORM DRAFT LOA BEAM MQ
dtr0308.pdf,7,2026-08-02,2026-08-03,PARADIP PORT AUTHORITY TRAFFIC DEPARTMENT DAILY TRAFFIC UPDATE FOR 02-08-2026 HELD ON DT: 03-08-2026 A. WORKING VESSELS AS ON 03-08-2026 AT 0600 HRS AFTER MEETING VESSEL SIZE TONNAGENAME OF THE VESSEL/ SA REMARKSD/L DAY'S TOTAL NORM DRAFT LOA BEAM MQ
dtr0309.pdf,7,2026-09-02,2026-09-03,PARADIP PORT AUTHORITY TRAFFIC DEPARTMENT DAILY TRAFFIC UPDATE FOR 02-09-2026 HELD ON DT: 03-09-2026 A. WORKING VESSELS AS ON 03-09-2026 AT 0600 HRS AFTER MEETING VESSEL SIZE TONNAGENAME OF THE VESSEL/ SA REMARKSD/L DAY'S TOTAL NORM DRAFT LOA BEAM MQ
dtr0311.pdf,6,2025-11-02,2025-11-03,PARADIP PORT AUTHORITY TRAFFIC DEPARTMENT DAILY TRAFFIC UPDATE FOR 02-11-2025 HELD ON DT: 03-11-2025 A. WORKING VESSELS AS ON 03-11-2025 AT 0600 HRS AFTER MEETING VESSEL SIZE TONNAGENAME OF THE VESSEL/ SA REMARKSD/L DAY'S TOTAL NORM DRAFT LOA BEAM MQ
dtr0407.pdf,7,2026-07-03,2026-07-04,PARADIP PORT AUTHORITY TRAFFIC DEPARTMENT DAILY TRAFFIC UPDATE FOR 03-07-2026 HELD ON DT: 04-07-2026 A. WORKING VESSELS AS ON 04-07-2026 AT 0600 HRS AFTER MEETING VESSEL SIZE TONNAGENAME OF THE VESSEL/ SA REMARKSD/L DAY'S TOTAL NORM DRAFT LOA BEAM MQ
dtr0408.pdf,6,2026-08-03,2026-08-04,PARADIP PORT AUTHORITY TRAFFIC DEPARTMENT DAILY TRAFFIC UPDATE FOR 03-08-2026 HELD ON DT: 04-08-2026 A. WORKING VESSELS AS ON 04-08-2026 AT 0600 HRS AFTER MEETING VESSEL SIZE TONNAGENAME OF THE VESSEL/ SA REMARKSD/L DAY'S TOTAL NORM DRAFT LOA BEAM MQ
dtr0409.pdf,6,2026-09-03,2026-09-04,PARADIP PORT AUTHORITY TRAFFIC DEPARTMENT DAILY TRAFFIC UPDATE FOR 03-09-2026 HELD ON DT: 04-09-2026 A. WORKING VESSELS AS ON 04-09-2026 AT 0600 HRS AFTER MEETING VESSEL SIZE TONNAGENAME OF THE VESSEL/ SA REMARKSD/L DAY'S TOTAL NORM DRAFT LOA BEAM MQ
dtr0411.pdf,6,2025-11-03,2025-11-04,PARADIP PORT AUTHORITY TRAFFIC DEPARTMENT DAILY TRAFFIC UPDATE FOR 03-11-2025 HELD ON DT: 04-11-2025 A. WORKING VESSELS AS ON 04-11-2025 AT 0600 HRS AFTER MEETING VESSEL SIZE TONNAGENAME OF THE VESSEL/ SA REMARKSD/L DAY'S TOTAL NORM DRAFT LOA BEAM MQ
dtr0507.pdf,7,2026-07-04,2026-07-05,PARADIP PORT AUTHORITY TRAFFIC DEPARTMENT DAILY TRAFFIC UPDATE FOR 04-07-2026 HELD ON DT: 05-07-2026 A. WORKING VESSELS AS ON 05-07-2026 AT 0600 HRS AFTER MEETING VESSEL SIZE TONNAGENAME OF THE VESSEL/ SA REMARKSD/L DAY'S TOTAL NORM DRAFT LOA BEAM MQ
dtr0508.pdf,7,2026-08-04,2026-08-05,PARADIP PORT AUTHORITY TRAFFIC DEPARTMENT DAILY TRAFFIC UPDATE FOR 04-08-2026 HELD ON DT: 05-08-2026 A. WORKING VESSELS AS ON 05-08-2026 AT 0600 HRS AFTER MEETING VESSEL SIZE TONNAGENAME OF THE VESSEL/ SA REMARKSD/L DAY'S TOTAL NORM DRAFT LOA BEAM MQ
dtr0509.pdf,6,2026-09-04,2026-09-05,PARADIP PORT AUTHORITY TRAFFIC DEPARTMENT DAILY TRAFFIC UPDATE FOR 04-09-2026 HELD ON DT: 05-09-2026 A. WORKING VESSELS AS ON 05-09-2026 AT 0600 HRS AFTER MEETING VESSEL SIZE TONNAGENAME OF THE VESSEL/ SA REMARKSD/L DAY'S TOTAL NORM DRAFT LOA BEAM MQ
dtr0511.pdf,7,2025-11-04,2025-11-05,PARADIP PORT AUTHORITY TRAFFIC DEPARTMENT DAILY TRAFFIC UPDATE FOR 04-11-2025 HELD ON DT: 05-11-2025 A. WORKING VESSELS AS ON 05-11-2025 AT 0600 HRS AFTER MEETING VESSEL SIZE TONNAGENAME OF THE VESSEL/ SA REMARKSD/L DAY'S TOTAL NORM DRAFT LOA BEAM MQ
dtr0607.pdf,6,2026-07-05,2026-07-06,PARADIP PORT AUTHORITY TRAFFIC DEPARTMENT DAILY TRAFFIC UPDATE FOR 05-07-2026 HELD ON DT: 06-07-2026 A. WORKING VESSELS AS ON 06-07-2026 AT 0600 HRS AFTER MEETING VESSEL SIZE TONNAGENAME OF THE VESSEL/ SA REMARKSD/L DAY'S TOTAL NORM DRAFT LOA BEAM MQ
dtr0608.pdf,6,2026-08-05,2026-08-06,PARADIP PORT AUTHORITY TRAFFIC DEPARTMENT DAILY TRAFFIC UPDATE FOR 05-08-2026 HELD ON DT: 06-08-2026 A. WORKING VESSELS AS ON 06-08-2026 AT 0600 HRS AFTER MEETING VESSEL SIZE TONNAGENAME OF THE VESSEL/ SA REMARKSD/L DAY'S TOTAL NORM DRAFT LOA BEAM MQ
dtr0609.pdf,7,2026-09-05,2026-09-06,PARADIP PORT AUTHORITY TRAFFIC DEPARTMENT DAILY TRAFFIC UPDATE FOR 05-09-2026 HELD ON DT: 06-09-2026 A. WORKING VESSELS AS ON 06-09-2026 AT 0600 HRS AFTER MEETING VESSEL SIZE TONNAGENAME OF THE VESSEL/ SA REMARKSD/L DAY'S TOTAL NORM DRAFT LOA BEAM MQ
dtr0707.pdf,6,2026-07-06,2026-07-07,PARADIP PORT AUTHORITY TRAFFIC DEPARTMENT DAILY TRAFFIC UPDATE FOR 06-07-2026 HELD ON DT: 07-07-2026 A. WORKING VESSELS AS ON 07-07-2026 AT 0600 HRS AFTER MEETING VESSEL SIZE TONNAGENAME OF THE VESSEL/ SA REMARKSD/L DAY'S TOTAL NORM DRAFT LOA BEAM MQ
dtr0708.pdf,6,2026-08-06,2026-08-07,PARADIP PORT AUTHORITY TRAFFIC DEPARTMENT DAILY TRAFFIC UPDATE FOR 06-08-2026 HELD ON DT: 07-08-2026 A. WORKING VESSELS AS ON 07-08-2026 AT 0600 HRS AFTER MEETING VESSEL SIZE TONNAGENAME OF THE VESSEL/ SA REMARKSD/L DAY'S TOTAL NORM DRAFT LOA BEAM MQ
dtr0709.pdf,7,2026-09-06,2026-09-07,PARADIP PORT AUTHORITY TRAFFIC DEPARTMENT DAILY TRAFFIC UPDATE FOR 06-09-2026 HELD ON DT: 07-09-2026 A. WORKING VESSELS AS ON 07-09-2026 AT 0600 HRS AFTER MEETING VESSEL SIZE TONNAGENAME OF THE VESSEL/ SA REMARKSD/L DAY'S TOTAL NORM DRAFT LOA BEAM MQ
dtr0710.pdf,8,2025-10-06,2025-10-07,PARADIP PORT AUTHORITY TRAFFIC DEPARTMENT DAILY TRAFFIC UPDATE FOR 06-10-2025 HELD ON DT: 07-10-2025 A. WORKING VESSELS AS ON 07-10-2025 AT 0600 HRS AFTER MEETING VESSEL SIZE TONNAGENAME OF THE VESSEL/ SA REMARKSD/L DAY'S TOTAL NORM DRAFT LOA BEAM MQ
dtr0807.pdf,6,2026-07-07,2026-07-08,PARADIP PORT AUTHORITY TRAFFIC DEPARTMENT DAILY TRAFFIC UPDATE FOR 07-07-2026 HELD ON DT: 08-07-2026 A. WORKING VESSELS AS ON 08-07-2026 AT 0600 HRS AFTER MEETING VESSEL SIZE TONNAGENAME OF THE VESSEL/ SA REMARKSD/L DAY'S TOTAL NORM DRAFT LOA BEAM MQ
dtr0808.pdf,6,2026-08-07,2026-08-08,PARADIP PORT AUTHORITY TRAFFIC DEPARTMENT DAILY TRAFFIC UPDATE FOR 07-08-2026 HELD ON DT: 08-08-2026 A. WORKING VESSELS AS ON 08-08-2026 AT 0600 HRS AFTER MEETING VESSEL SIZE TONNAGENAME OF THE VESSEL/ SA REMARKSD/L DAY'S TOTAL NORM DRAFT LOA BEAM MQ
dtr0809.pdf,6,2026-09-07,2026-09-08,PARADIP PORT AUTHORITY TRAFFIC DEPARTMENT DAILY TRAFFIC UPDATE FOR 07-09-2026 HELD ON DT: 08-09-2026 A. WORKING VESSELS AS ON 08-09-2026 AT 0600 HRS AFTER MEETING VESSEL SIZE TONNAGENAME OF THE VESSEL/ SA REMARKSD/L DAY'S TOTAL NORM DRAFT LOA BEAM MQ
dtr0810.pdf,8,2025-10-07,2025-10-08,PARADIP PORT AUTHORITY TRAFFIC DEPARTMENT DAILY TRAFFIC UPDATE FOR 07-10-2025 HELD ON DT: 08-10-2025 A. WORKING VESSELS AS ON 08-10-2025 AT 0600 HRS AFTER MEETING VESSEL SIZE TONNAGENAME OF THE VESSEL/ SA REMARKSD/L DAY'S TOTAL NORM DRAFT LOA BEAM MQ
dtr0907.pdf,6,2026-07-08,2026-07-09,PARADIP PORT AUTHORITY TRAFFIC DEPARTMENT DAILY TRAFFIC UPDATE FOR 08-07-2026 HELD ON DT: 09-07-2026 A. WORKING VESSELS AS ON 09-07-2026 AT 0600 HRS AFTER MEETING VESSEL SIZE TONNAGENAME OF THE VESSEL/ SA REMARKSD/L DAY'S TOTAL NORM DRAFT LOA BEAM MQ
dtr0908.pdf,6,2026-08-08,2026-08-09,PARADIP PORT AUTHORITY TRAFFIC DEPARTMENT DAILY TRAFFIC UPDATE FOR 08-08-2026 HELD ON DT: 09-08-2026 A. WORKING VESSELS AS ON 09-08-2026 AT 0600 HRS AFTER MEETING VESSEL SIZE TONNAGENAME OF THE VESSEL/ SA REMARKSD/L DAY'S TOTAL NORM DRAFT LOA BEAM MQ
dtr0910.pdf,8,2025-10-08,2025-10-09,PARADIP PORT AUTHORITY TRAFFIC DEPARTMENT DAILY TRAFFIC UPDATE FOR 08-10-2025 HELD ON DT: 09-10-2025 A. WORKING VESSELS AS ON 09-10-2025 AT 0600 HRS AFTER MEETING VESSEL SIZE TONNAGENAME OF THE VESSEL/ SA REMARKSD/L DAY'S TOTAL NORM DRAFT LOA BEAM MQ
dtr1007.pdf,7,2026-07-09,2026-07-10,PARADIP PORT AUTHORITY TRAFFIC DEPARTMENT DAILY TRAFFIC UPDATE FOR 09-07-2026 HELD ON DT: 10-07-2026 A. WORKING VESSELS AS ON 10-07-2026 AT 0600 HRS AFTER MEETING VESSEL SIZE TONNAGENAME OF THE VESSEL/ SA REMARKSD/L DAY'S TOTAL NORM DRAFT LOA BEAM MQ
dtr1008.pdf,6,2026-08-09,2026-08-10,PARADIP PORT AUTHORITY TRAFFIC DEPARTMENT DAILY TRAFFIC UPDATE FOR 09-08-2026 HELD ON DT: 10-08-2026 A. WORKING VESSELS AS ON 10-08-2026 AT 0600 HRS AFTER MEETING VESSEL SIZE TONNAGENAME OF THE VESSEL/ SA REMARKSD/L DAY'S TOTAL NORM DRAFT LOA BEAM MQ
dtr1010.pdf,9,2025-10-09,2025-10-10,PARADIP PORT AUTHORITY TRAFFIC DEPARTMENT DAILY TRAFFIC UPDATE FOR 09-10-2025 HELD ON DT: 10-10-2025 A. WORKING VESSELS AS ON 10-10-2025 AT 0600 HRS AFTER MEETING VESSEL SIZE TONNAGENAME OF THE VESSEL/ SA REMARKSD/L DAY'S TOTAL NORM DRAFT LOA BEAM MQ
dtr1107.pdf,7,2026-07-10,2026-07-11,PARADIP PORT AUTHORITY TRAFFIC DEPARTMENT DAILY TRAFFIC UPDATE FOR 10-07-2026 HELD ON DT: 11-07-2026 A. WORKING VESSELS AS ON 11-07-2026 AT 0600 HRS AFTER MEETING VESSEL SIZE TONNAGENAME OF THE VESSEL/ SA REMARKSD/L DAY'S TOTAL NORM DRAFT LOA BEAM MQ
dtr1108.pdf,7,2026-08-10,2026-08-11,PARADIP PORT AUTHORITY TRAFFIC DEPARTMENT DAILY TRAFFIC UPDATE FOR 10-08-2026 HELD ON DT: 11-08-2026 A. WORKING VESSELS AS ON 11-08-2026 AT 0600 HRS AFTER MEETING VESSEL SIZE TONNAGENAME OF THE VESSEL/ SA REMARKSD/L DAY'S TOTAL NORM DRAFT LOA BEAM MQ
dtr1110.pdf,7,2025-10-10,2025-10-11,PARADIP PORT AUTHORITY TRAFFIC DEPARTMENT DAILY TRAFFIC UPDATE FOR 10-10-2025 HELD ON DT: 11-10-2025 A. WORKING VESSELS AS ON 11-10-2025 AT 0600 HRS AFTER MEETING VESSEL SIZE TONNAGENAME OF THE VESSEL/ SA REMARKSD/L DAY'S TOTAL NORM DRAFT LOA BEAM MQ
dtr1207.pdf,7,2026-07-11,2026-07-12,PARADIP PORT AUTHORITY TRAFFIC DEPARTMENT DAILY TRAFFIC UPDATE FOR 11-07-2026 HELD ON DT: 12-07-2026 A. WORKING VESSELS AS ON 12-07-2026 AT 0600 HRS AFTER MEETING VESSEL SIZE TONNAGENAME OF THE VESSEL/ SA REMARKSD/L DAY'S TOTAL NORM DRAFT LOA BEAM MQ
dtr1208.pdf,7,2026-08-11,2026-08-12,PARADIP PORT AUTHORITY TRAFFIC DEPARTMENT DAILY TRAFFIC UPDATE FOR 11-08-2026 HELD ON DT: 12-08-2026 A. WORKING VESSELS AS ON 12-08-2026 AT 0600 HRS AFTER MEETING VESSEL SIZE TONNAGENAME OF THE VESSEL/ SA REMARKSD/L DAY'S TOTAL NORM DRAFT LOA BEAM MQ
dtr1210.pdf,7,2025-10-11,2025-10-12,PARADIP PORT AUTHORITY TRAFFIC DEPARTMENT DAILY TRAFFIC UPDATE FOR 11-10-2025 HELD ON DT: 12-10-2025 A. WORKING VESSELS AS ON 12-10-2025 AT 0600 HRS AFTER MEETING VESSEL SIZE TONNAGENAME OF THE VESSEL/ SA REMARKSD/L DAY'S TOTAL NORM DRAFT LOA BEAM MQ
dtr1307.pdf,6,2026-07-12,2026-07-13,PARADIP PORT AUTHORITY TRAFFIC DEPARTMENT DAILY TRAFFIC UPDATE FOR 12-07-2026 HELD ON DT: 13-07-2026 A. WORKING VESSELS AS ON 13-07-2026 AT 0600 HRS AFTER MEETING VESSEL SIZE TONNAGENAME OF THE VESSEL/ SA REMARKSD/L DAY'S TOTAL NORM DRAFT LOA BEAM MQ
dtr1308.pdf,6,2026-08-12,2026-08-13,PARADIP PORT AUTHORITY TRAFFIC DEPARTMENT DAILY TRAFFIC UPDATE FOR 12-08-2026 HELD ON DT: 13-08-2026 A. WORKING VESSELS AS ON 13-08-2026 AT 0600 HRS AFTER MEETING VESSEL SIZE TONNAGENAME OF THE VESSEL/ SA REMARKSD/L DAY'S TOTAL NORM DRAFT LOA BEAM MQ
dtr1310.pdf,7,2025-10-12,2025-10-13,PARADIP PORT AUTHORITY TRAFFIC DEPARTMENT DAILY TRAFFIC UPDATE FOR 12-10-2025 HELD ON DT: 13-10-2025 A. WORKING VESSELS AS ON 13-10-2025 AT 0600 HRS AFTER MEETING VESSEL SIZE TONNAGENAME OF THE VESSEL/ SA REMARKSD/L DAY'S TOTAL NORM DRAFT LOA BEAM MQ
dtr1407.pdf,6,2026-07-13,2026-07-14,PARADIP PORT AUTHORITY TRAFFIC DEPARTMENT DAILY TRAFFIC UPDATE FOR 13-07-2026 HELD ON DT: 14-07-2026 A. WORKING VESSELS AS ON 14-07-2026 AT 0600 HRS AFTER MEETING VESSEL SIZE TONNAGENAME OF THE VESSEL/ SA REMARKSD/L DAY'S TOTAL NORM DRAFT LOA BEAM MQ
dtr1408-2.pdf,6,2026-08-13,2026-08-14,PARADIP PORT AUTHORITY TRAFFIC DEPARTMENT DAILY TRAFFIC UPDATE FOR 13-08-2026 HELD ON DT: 14-08-2026 A. WORKING VESSELS AS ON 14-08-2026 AT 0600 HRS AFTER MEETING VESSEL SIZE TONNAGENAME OF THE VESSEL/ SA REMARKSD/L DAY'S TOTAL NORM DRAFT LOA BEAM MQ
dtr1410.pdf,7,2025-10-13,2025-10-14,PARADIP PORT AUTHORITY TRAFFIC DEPARTMENT DAILY TRAFFIC UPDATE FOR 13-10-2025 HELD ON DT: 14-10-2025 A. WORKING VESSELS AS ON 14-10-2025 AT 0600 HRS AFTER MEETING VESSEL SIZE TONNAGENAME OF THE VESSEL/ SA REMARKSD/L DAY'S TOTAL NORM DRAFT LOA BEAM MQ
dtr1507.pdf,6,2026-07-14,2026-07-15,PARADIP PORT AUTHORITY TRAFFIC DEPARTMENT DAILY TRAFFIC UPDATE FOR 14-07-2026 HELD ON DT: 15-07-2026 A. WORKING VESSELS AS ON 15-07-2026 AT 0600 HRS AFTER MEETING VESSEL SIZE TONNAGENAME OF THE VESSEL/ SA REMARKSD/L DAY'S TOTAL NORM DRAFT LOA BEAM MQ
dtr1508-2.pdf,6,2026-08-14,2026-08-15,PARADIP PORT AUTHORITY TRAFFIC DEPARTMENT DAILY TRAFFIC UPDATE FOR 14-08-2026 HELD ON DT: 15-08-2026 A. WORKING VESSELS AS ON 15-08-2026 AT 0600 HRS AFTER MEETING VESSEL SIZE TONNAGENAME OF THE VESSEL/ SA REMARKSD/L DAY'S TOTAL NORM DRAFT LOA BEAM MQ
dtr1510.pdf,7,2025-10-14,2025-10-15,PARADIP PORT AUTHORITY TRAFFIC DEPARTMENT DAILY TRAFFIC UPDATE FOR 14-10-2025 HELD ON DT: 15-10-2025 A. WORKING VESSELS AS ON 15-10-2025 AT 0600 HRS AFTER MEETING VESSEL SIZE TONNAGENAME OF THE VESSEL/ SA REMARKSD/L DAY'S TOTAL NORM DRAFT LOA BEAM MQ
dtr1607.pdf,6,2026-07-15,2026-07-16,PARADIP PORT AUTHORITY TRAFFIC DEPARTMENT DAILY TRAFFIC UPDATE FOR 15-07-2026 HELD ON DT: 16-07-2026 A. WORKING VESSELS AS ON 16-07-2026 AT 0600 HRS AFTER MEETING VESSEL SIZE TONNAGENAME OF THE VESSEL/ SA REMARKSD/L DAY'S TOTAL NORM DRAFT LOA BEAM MQ
dtr1608-4.pdf,6,2026-08-15,2026-08-16,PARADIP PORT AUTHORITY TRAFFIC DEPARTMENT DAILY TRAFFIC UPDATE FOR 15-08-2026 HELD ON DT: 16-08-2026 A. WORKING VESSELS AS ON 16-08-2026 AT 0600 HRS AFTER MEETING VESSEL SIZE TONNAGENAME OF THE VESSEL/ SA REMARKSD/L DAY'S TOTAL NORM DRAFT LOA BEAM MQ
dtr1610.pdf,8,2025-10-15,2025-10-16,PARADIP PORT AUTHORITY TRAFFIC DEPARTMENT DAILY TRAFFIC UPDATE FOR 15-10-2025 HELD ON DT: 16-10-2025 A. WORKING VESSELS AS ON 16-10-2025 AT 0600 HRS AFTER MEETING VESSEL SIZE TONNAGENAME OF THE VESSEL/ SA REMARKSD/L DAY'S TOTAL NORM DRAFT LOA BEAM MQ
dtr1707.pdf,6,2026-07-16,2026-07-17,PARADIP PORT AUTHORITY TRAFFIC DEPARTMENT DAILY TRAFFIC UPDATE FOR 16-07-2026 HELD ON DT: 17-07-2026 A. WORKING VESSELS AS ON 17-07-2026 AT 0600 HRS AFTER MEETING VESSEL SIZE TONNAGENAME OF THE VESSEL/ SA REMARKSD/L DAY'S TOTAL NORM DRAFT LOA BEAM MQ
dtr1708.pdf,6,2026-08-16,2026-08-17,PARADIP PORT AUTHORITY TRAFFIC DEPARTMENT DAILY TRAFFIC UPDATE FOR 16-08-2026 HELD ON DT: 17-08-2026 A. WORKING VESSELS AS ON 17-08-2026 AT 0600 HRS AFTER MEETING VESSEL SIZE TONNAGENAME OF THE VESSEL/ SA REMARKSD/L DAY'S TOTAL NORM DRAFT LOA BEAM MQ
dtr1710.pdf,6,2025-10-16,2025-10-17,PARADIP PORT AUTHORITY TRAFFIC DEPARTMENT DAILY TRAFFIC UPDATE FOR 16-10-2025 HELD ON DT: 17-10-2025 A. WORKING VESSELS AS ON 17-10-2025 AT 0600 HRS AFTER MEETING VESSEL SIZE TONNAGENAME OF THE VESSEL/ SA REMARKSD/L DAY'S TOTAL NORM DRAFT LOA BEAM MQ
dtr1806.pdf,6,2026-06-17,2026-06-18,PARADIP PORT AUTHORITY TRAFFIC DEPARTMENT DAILY TRAFFIC UPDATE FOR 17-06-2026 HELD ON DT: 18-06-2026 A. WORKING VESSELS AS ON 18-06-2026 AT 0600 HRS AFTER MEETING VESSEL SIZE TONNAGENAME OF THE VESSEL/ SA REMARKSD/L DAY'S TOTAL NORM DRAFT LOA BEAM MQ
dtr1807.pdf,6,2026-07-17,2026-07-18,PARADIP PORT AUTHORITY TRAFFIC DEPARTMENT DAILY TRAFFIC UPDATE FOR 17-07-2026 HELD ON DT: 18-07-2026 A. WORKING VESSELS AS ON 18-07-2026 AT 0600 HRS AFTER MEETING VESSEL SIZE TONNAGENAME OF THE VESSEL/ SA REMARKSD/L DAY'S TOTAL NORM DRAFT LOA BEAM MQ
dtr1808_compressed.pdf,7,2026-08-17,2026-08-18,PARADIP PORT AUTHORITY TRAFFIC DEPARTMENT DAILY TRAFFIC UPDATE FOR 17-08-2026 HELD ON DT: 18-08-2026 A. WORKING VESSELS AS ON 18-08-2026 AT 0600 HRS AFTER MEETING VESSEL SIZE TONNAGENAME OF THE VESSEL/ SA REMARKSD/L DAY'S TOTAL NORM DRAFT LOA BEAM MQ
dtr1810.pdf,7,2025-10-17,2025-10-18,PARADIP PORT AUTHORITY TRAFFIC DEPARTMENT DAILY TRAFFIC UPDATE FOR 17-10-2025 HELD ON DT: 18-10-2025 A. WORKING VESSELS AS ON 18-10-2025 AT 0600 HRS AFTER MEETING VESSEL SIZE TONNAGENAME OF THE VESSEL/ SA REMARKSD/L DAY'S TOTAL NORM DRAFT LOA BEAM MQ
dtr1906.pdf,6,2026-06-18,2026-06-19,PARADIP PORT AUTHORITY TRAFFIC DEPARTMENT DAILY TRAFFIC UPDATE FOR 18-06-2026 HELD ON DT: 19-06-2026 A. WORKING VESSELS AS ON 19-06-2026 AT 0600 HRS AFTER MEETING VESSEL SIZE TONNAGENAME OF THE VESSEL/ SA REMARKSD/L DAY'S TOTAL NORM DRAFT LOA BEAM MQ
dtr1907.pdf,6,2026-07-18,2026-07-19,PARADIP PORT AUTHORITY TRAFFIC DEPARTMENT DAILY TRAFFIC UPDATE FOR 18-07-2026 HELD ON DT: 19-07-2026 A. WORKING VESSELS AS ON 19-07-2026 AT 0600 HRS AFTER MEETING VESSEL SIZE TONNAGENAME OF THE VESSEL/ SA REMARKSD/L DAY'S TOTAL NORM DRAFT LOA BEAM MQ
dtr1908.pdf,7,2026-08-18,2026-08-19,PARADIP PORT AUTHORITY TRAFFIC DEPARTMENT DAILY TRAFFIC UPDATE FOR 18-08-2026 HELD ON DT: 19-08-2026 A. WORKING VESSELS AS ON 19-08-2026 AT 0600 HRS AFTER MEETING VESSEL SIZE TONNAGENAME OF THE VESSEL/ SA REMARKSD/L DAY'S TOTAL NORM DRAFT LOA BEAM MQ
dtr1910.pdf,7,2025-10-18,2025-10-19,PARADIP PORT AUTHORITY TRAFFIC DEPARTMENT DAILY TRAFFIC UPDATE FOR 18-10-2025 HELD ON DT: 19-10-2025 A. WORKING VESSELS AS ON 19-10-2025 AT 0600 HRS AFTER MEETING VESSEL SIZE TONNAGENAME OF THE VESSEL/ SA REMARKSD/L DAY'S TOTAL NORM DRAFT LOA BEAM MQ
dtr2006.pdf,6,2026-06-19,2026-06-20,PARADIP PORT AUTHORITY TRAFFIC DEPARTMENT DAILY TRAFFIC UPDATE FOR 19-06-2026 HELD ON DT: 20-06-2026 A. WORKING VESSELS AS ON 20-06-2026 AT 0600 HRS AFTER MEETING VESSEL SIZE TONNAGENAME OF THE VESSEL/ SA REMARKSD/L DAY'S TOTAL NORM DRAFT LOA BEAM MQ
dtr2007.pdf,6,2026-07-19,2026-07-20,PARADIP PORT AUTHORITY TRAFFIC DEPARTMENT DAILY TRAFFIC UPDATE FOR 19-07-2026 HELD ON DT: 20-07-2026 A. WORKING VESSELS AS ON 20-07-2026 AT 0600 HRS AFTER MEETING VESSEL SIZE TONNAGENAME OF THE VESSEL/ SA REMARKSD/L DAY'S TOTAL NORM DRAFT LOA BEAM MQ
dtr2008-3.pdf,7,2026-08-19,2026-08-20,PARADIP PORT AUTHORITY TRAFFIC DEPARTMENT DAILY TRAFFIC UPDATE FOR 19-08-2026 HELD ON DT: 20-08-2026 A. WORKING VESSELS AS ON 20-08-2026 AT 0600 HRS AFTER MEETING VESSEL SIZE TONNAGENAME OF THE VESSEL/ SA REMARKSD/L DAY'S TOTAL NORM DRAFT LOA BEAM MQ
dtr2010.pdf,7,2025-10-19,2025-10-20,PARADIP PORT AUTHORITY TRAFFIC DEPARTMENT DAILY TRAFFIC UPDATE FOR 19-10-2025 HELD ON DT: 20-10-2025 A. WORKING VESSELS AS ON 20-10-2025 AT 0600 HRS AFTER MEETING VESSEL SIZE TONNAGENAME OF THE VESSEL/ SA REMARKSD/L DAY'S TOTAL NORM DRAFT LOA BEAM MQ
dtr2106.pdf,6,2026-06-20,2026-06-21,PARADIP PORT AUTHORITY TRAFFIC DEPARTMENT DAILY TRAFFIC UPDATE FOR 20-06-2026 HELD ON DT: 21-06-2026 A. WORKING VESSELS AS ON 21-06-2026 AT 0600 HRS AFTER MEETING VESSEL SIZE TONNAGENAME OF THE VESSEL/ SA REMARKSD/L DAY'S TOTAL NORM DRAFT LOA BEAM MQ
dtr2107.pdf,6,2026-07-20,2026-07-21,PARADIP PORT AUTHORITY TRAFFIC DEPARTMENT DAILY TRAFFIC UPDATE FOR 20-07-2026 HELD ON DT: 21-07-2026 A. WORKING VESSELS AS ON 21-07-2026 AT 0600 HRS AFTER MEETING VESSEL SIZE TONNAGENAME OF THE VESSEL/ SA REMARKSD/L DAY'S TOTAL NORM DRAFT LOA BEAM MQ
dtr2108.pdf,6,2026-08-20,2026-08-21,PARADIP PORT AUTHORITY TRAFFIC DEPARTMENT DAILY TRAFFIC UPDATE FOR 20-08-2026 HELD ON DT: 21-08-2026 A. WORKING VESSELS AS ON 21-08-2026 AT 0600 HRS AFTER MEETING VESSEL SIZE TONNAGENAME OF THE VESSEL/ SA REMARKSD/L DAY'S TOTAL NORM DRAFT LOA BEAM MQ
dtr2110.pdf,6,2025-10-20,2025-10-21,PARADIP PORT AUTHORITY TRAFFIC DEPARTMENT DAILY TRAFFIC UPDATE FOR 20-10-2025 HELD ON DT: 21-10-2025 A. WORKING VESSELS AS ON 21-10-2025 AT 0600 HRS AFTER MEETING VESSEL SIZE TONNAGENAME OF THE VESSEL/ SA REMARKSD/L DAY'S TOTAL NORM DRAFT LOA BEAM MQ
dtr2206.pdf,6,2026-06-21,2026-06-22,PARADIP PORT AUTHORITY TRAFFIC DEPARTMENT DAILY TRAFFIC UPDATE FOR 21-06-2026 HELD ON DT: 22-06-2026 A. WORKING VESSELS AS ON 22-06-2026 AT 0600 HRS AFTER MEETING VESSEL SIZE TONNAGENAME OF THE VESSEL/ SA REMARKSD/L DAY'S TOTAL NORM DRAFT LOA BEAM MQ
dtr2207.pdf,6,2026-07-21,2026-07-22,PARADIP PORT AUTHORITY TRAFFIC DEPARTMENT DAILY TRAFFIC UPDATE FOR 21-07-2026 HELD ON DT: 22-07-2026 A. WORKING VESSELS AS ON 22-07-2026 AT 0600 HRS AFTER MEETING VESSEL SIZE TONNAGENAME OF THE VESSEL/ SA REMARKSD/L DAY'S TOTAL NORM DRAFT LOA BEAM MQ
dtr2210.pdf,6,2025-10-21,2025-10-22,PARADIP PORT AUTHORITY TRAFFIC DEPARTMENT DAILY TRAFFIC UPDATE FOR 21-10-2025 HELD ON DT: 22-10-2025 A. WORKING VESSELS AS ON 22-10-2025 AT 0600 HRS AFTER MEETING VESSEL SIZE TONNAGENAME OF THE VESSEL/ SA REMARKSD/L DAY'S TOTAL NORM DRAFT LOA BEAM MQ
dtr2306.pdf,7,2026-06-22,2026-06-23,PARADIP PORT AUTHORITY TRAFFIC DEPARTMENT DAILY TRAFFIC UPDATE FOR 22-06-2026 HELD ON DT: 23-06-2026 A. WORKING VESSELS AS ON 23-06-2026 AT 0600 HRS AFTER MEETING VESSEL SIZE TONNAGENAME OF THE VESSEL/ SA REMARKSD/L DAY'S TOTAL NORM DRAFT LOA BEAM MQ
dtr2307.pdf,6,2026-07-22,2026-07-23,PARADIP PORT AUTHORITY TRAFFIC DEPARTMENT DAILY TRAFFIC UPDATE FOR 22-07-2026 HELD ON DT: 23-07-2026 A. WORKING VESSELS AS ON 23-07-2026 AT 0600 HRS AFTER MEETING VESSEL SIZE TONNAGENAME OF THE VESSEL/ SA REMARKSD/L DAY'S TOTAL NORM DRAFT LOA BEAM MQ
dtr2308.pdf,7,2026-08-22,2026-08-23,PARADIP PORT AUTHORITY TRAFFIC DEPARTMENT DAILY TRAFFIC UPDATE FOR 22-08-2026 HELD ON DT: 23-08-2026 A. WORKING VESSELS AS ON 23-08-2026 AT 0600 HRS AFTER MEETING VESSEL SIZE TONNAGENAME OF THE VESSEL/ SA REMARKSD/L DAY'S TOTAL NORM DRAFT LOA BEAM MQ
dtr2310.pdf,6,2025-10-22,2025-10-23,PARADIP PORT AUTHORITY TRAFFIC DEPARTMENT DAILY TRAFFIC UPDATE FOR 22-10-2025 HELD ON DT: 23-10-2025 A. WORKING VESSELS AS ON 23-10-2025 AT 0600 HRS AFTER MEETING VESSEL SIZE TONNAGENAME OF THE VESSEL/ SA REMARKSD/L DAY'S TOTAL NORM DRAFT LOA BEAM MQ
dtr2406.pdf,6,2026-06-23,2026-06-24,PARADIP PORT AUTHORITY TRAFFIC DEPARTMENT DAILY TRAFFIC UPDATE FOR 23-06-2026 HELD ON DT: 24-06-2026 A. WORKING VESSELS AS ON 24-06-2026 AT 0600 HRS AFTER MEETING VESSEL SIZE TONNAGENAME OF THE VESSEL/ SA REMARKSD/L DAY'S TOTAL NORM DRAFT LOA BEAM MQ
dtr2407.pdf,7,2026-07-23,2026-07-24,PARADIP PORT AUTHORITY TRAFFIC DEPARTMENT DAILY TRAFFIC UPDATE FOR 23-07-2026 HELD ON DT: 24-07-2026 A. WORKING VESSELS AS ON 24-07-2026 AT 0600 HRS AFTER MEETING VESSEL SIZE TONNAGENAME OF THE VESSEL/ SA REMARKSD/L DAY'S TOTAL NORM DRAFT LOA BEAM MQ
dtr2408.pdf,7,2026-08-23,2026-08-24,PARADIP PORT AUTHORITY TRAFFIC DEPARTMENT DAILY TRAFFIC UPDATE FOR 23-08-2026 HELD ON DT: 24-08-2026 A. WORKING VESSELS AS ON 24-08-2026 AT 0600 HRS AFTER MEETING VESSEL SIZE TONNAGENAME OF THE VESSEL/ SA REMARKSD/L DAY'S TOTAL NORM DRAFT LOA BEAM MQ
dtr2410.pdf,7,2025-10-23,2025-10-24,PARADIP PORT AUTHORITY TRAFFIC DEPARTMENT DAILY TRAFFIC UPDATE FOR 23-10-2025 HELD ON DT: 24-10-2025 A. WORKING VESSELS AS ON 24-10-2025 AT 0600 HRS AFTER MEETING VESSEL SIZE TONNAGENAME OF THE VESSEL/ SA REMARKSD/L DAY'S TOTAL NORM DRAFT LOA BEAM MQ
dtr2506.pdf,6,2026-06-24,2026-06-25,PARADIP PORT AUTHORITY TRAFFIC DEPARTMENT DAILY TRAFFIC UPDATE FOR 24-06-2026 HELD ON DT: 25-06-2026 A. WORKING VESSELS AS ON 25-06-2026 AT 0600 HRS AFTER MEETING VESSEL SIZE TONNAGENAME OF THE VESSEL/ SA REMARKSD/L DAY'S TOTAL NORM DRAFT LOA BEAM MQ
dtr2507.pdf,6,2026-07-24,2026-07-25,PARADIP PORT AUTHORITY TRAFFIC DEPARTMENT DAILY TRAFFIC UPDATE FOR 24-07-2026 HELD ON DT: 25-07-2026 A. WORKING VESSELS AS ON 25-07-2026 AT 0600 HRS AFTER MEETING VESSEL SIZE TONNAGENAME OF THE VESSEL/ SA REMARKSD/L DAY'S TOTAL NORM DRAFT LOA BEAM MQ
dtr2508.pdf,7,2026-08-24,2026-08-25,PARADIP PORT AUTHORITY TRAFFIC DEPARTMENT DAILY TRAFFIC UPDATE FOR 24-08-2026 HELD ON DT: 25-08-2026 A. WORKING VESSELS AS ON 25-08-2026 AT 0600 HRS AFTER MEETING VESSEL SIZE TONNAGENAME OF THE VESSEL/ SA REMARKSD/L DAY'S TOTAL NORM DRAFT LOA BEAM MQ
dtr2510.pdf,7,2025-10-24,2025-10-25,PARADIP PORT AUTHORITY TRAFFIC DEPARTMENT DAILY TRAFFIC UPDATE FOR 24-10-2025 HELD ON DT: 25-10-2025 A. WORKING VESSELS AS ON 25-10-2025 AT 0600 HRS AFTER MEETING VESSEL SIZE TONNAGENAME OF THE VESSEL/ SA REMARKSD/L DAY'S TOTAL NORM DRAFT LOA BEAM MQ
dtr2606.pdf,6,2026-06-25,2026-06-26,PARADIP PORT AUTHORITY TRAFFIC DEPARTMENT DAILY TRAFFIC UPDATE FOR 25-06-2026 HELD ON DT: 26-06-2026 A. WORKING VESSELS AS ON 26-06-2026 AT 0600 HRS AFTER MEETING VESSEL SIZE TONNAGENAME OF THE VESSEL/ SA REMARKSD/L DAY'S TOTAL NORM DRAFT LOA BEAM MQ
dtr2607-2.pdf,7,2026-07-25,2026-07-26,PARADIP PORT AUTHORITY TRAFFIC DEPARTMENT DAILY TRAFFIC UPDATE FOR 25-07-2026 HELD ON DT: 26-07-2026 A. WORKING VESSELS AS ON 26-07-2026 AT 0600 HRS VESSEL SIZE TONNAGENAME OF THE VESSEL/ SA REMARKSD/L DAY'S TOTAL NORM DRAFT LOA BEAM MQ/BQ UP TO DT B
dtr2608.pdf,7,2026-08-25,2026-08-26,PARADIP PORT AUTHORITY TRAFFIC DEPARTMENT DAILY TRAFFIC UPDATE FOR 25-08-2026 HELD ON DT: 26-08-2026 A. WORKING VESSELS AS ON 26-08-2026 AT 0600 HRS AFTER MEETING VESSEL SIZE TONNAGENAME OF THE VESSEL/ SA REMARKSD/L DAY'S TOTAL NORM DRAFT LOA BEAM MQ
dtr2610.pdf,7,2025-10-25,2025-10-26,PARADIP PORT AUTHORITY TRAFFIC DEPARTMENT DAILY TRAFFIC UPDATE FOR 25-10-2025 HELD ON DT: 26-10-2025 A. WORKING VESSELS AS ON 26-10-2025 AT 0600 HRS AFTER MEETING VESSEL SIZE TONNAGENAME OF THE VESSEL/ SA REMARKSD/L DAY'S TOTAL NORM DRAFT LOA BEAM MQ
dtr2706.pdf,6,2026-06-26,2026-06-27,PARADIP PORT AUTHORITY TRAFFIC DEPARTMENT DAILY TRAFFIC UPDATE FOR 26-06-2026 HELD ON DT: 27-06-2026 A. WORKING VESSELS AS ON 27-06-2026 AT 0600 HRS AFTER MEETING VESSEL SIZE TONNAGENAME OF THE VESSEL/ SA REMARKSD/L DAY'S TOTAL NORM DRAFT LOA BEAM MQ
dtr2707.pdf,7,2026-07-26,2026-07-27,PARADIP PORT AUTHORITY TRAFFIC DEPARTMENT DAILY TRAFFIC UPDATE FOR 26-07-2026 HELD ON DT: 27-07-2026 A. WORKING VESSELS AS ON 27-07-2026 AT 0600 HRS AFTER MEETING VESSEL SIZE TONNAGENAME OF THE VESSEL/ SA REMARKSD/L DAY'S TOTAL NORM DRAFT LOA BEAM MQ
dtr2708.pdf,7,2026-08-26,2026-08-27,PARADIP PORT AUTHORITY TRAFFIC DEPARTMENT DAILY TRAFFIC UPDATE FOR 26-08-2026 HELD ON DT: 27-08-2026 A. WORKING VESSELS AS ON 27-08-2026 AT 0600 HRS AFTER MEETING VESSEL SIZE TONNAGENAME OF THE VESSEL/ SA REMARKSD/L DAY'S TOTAL NORM DRAFT LOA BEAM MQ
dtr2710.pdf,7,2025-10-26,2025-10-27,PARADIP PORT AUTHORITY TRAFFIC DEPARTMENT DAILY TRAFFIC UPDATE FOR 26-10-2025 HELD ON DT: 27-10-2025 A. WORKING VESSELS AS ON 27-10-2025 AT 0600 HRS AFTER MEETING VESSEL SIZE TONNAGENAME OF THE VESSEL/ SA REMARKSD/L DAY'S TOTAL NORM DRAFT LOA BEAM MQ
dtr2806.pdf,7,2026-06-27,2026-06-28,PARADIP PORT AUTHORITY TRAFFIC DEPARTMENT DAILY TRAFFIC UPDATE FOR 27-06-2026 HELD ON DT: 28-06-2026 A. WORKING VESSELS AS ON 28-06-2026 AT 0600 HRS AFTER MEETING VESSEL SIZE TONNAGENAME OF THE VESSEL/ SA REMARKSD/L DAY'S TOTAL NORM DRAFT LOA BEAM MQ
dtr2807.pdf,7,2026-07-27,2026-07-28,PARADIP PORT AUTHORITY TRAFFIC DEPARTMENT DAILY TRAFFIC UPDATE FOR 27-07-2026 HELD ON DT: 28-07-2026 A. WORKING VESSELS AS ON 28-07-2026 AT 0600 HRS AFTER MEETING VESSEL SIZE TONNAGENAME OF THE VESSEL/ SA REMARKSD/L DAY'S TOTAL NORM DRAFT LOA BEAM MQ
dtr2808.pdf,7,2026-08-27,2026-08-28,PARADIP PORT AUTHORITY TRAFFIC DEPARTMENT DAILY TRAFFIC UPDATE FOR 27-08-2026 HELD ON DT: 28-08-2026 A. WORKING VESSELS AS ON 28-08-2026 AT 0600 HRS AFTER MEETING VESSEL SIZE TONNAGENAME OF THE VESSEL/ SA REMARKSD/L DAY'S TOTAL NORM DRAFT LOA BEAM MQ
dtr2810.pdf,7,2025-10-27,2025-10-28,PARADIP PORT AUTHORITY TRAFFIC DEPARTMENT DAILY TRAFFIC UPDATE FOR 27-10-2025 HELD ON DT: 28-10-2025 A. WORKING VESSELS AS ON 28-10-2025 AT 0600 HRS AFTER MEETING VESSEL SIZE TONNAGENAME OF THE VESSEL/ SA REMARKSD/L DAY'S TOTAL NORM DRAFT LOA BEAM MQ
dtr2906.pdf,7,2026-06-28,2026-06-29,PARADIP PORT AUTHORITY TRAFFIC DEPARTMENT DAILY TRAFFIC UPDATE FOR 28-06-2026 HELD ON DT: 29-06-2026 A. WORKING VESSELS AS ON 29-06-2026 AT 0600 HRS AFTER MEETING VESSEL SIZE TONNAGENAME OF THE VESSEL/ SA REMARKSD/L DAY'S TOTAL NORM DRAFT LOA BEAM MQ
dtr2907.pdf,6,2026-07-28,2026-07-29,PARADIP PORT AUTHORITY TRAFFIC DEPARTMENT DAILY TRAFFIC UPDATE FOR 28-07-2026 HELD ON DT: 29-07-2026 A. WORKING VESSELS AS ON 29-07-2026 AT 0600 HRS AFTER MEETING VESSEL SIZE TONNAGENAME OF THE VESSEL/ SA REMARKSD/L DAY'S TOTAL NORM DRAFT LOA BEAM MQ
dtr2908.pdf,7,2026-08-28,2026-08-29,PARADIP PORT AUTHORITY TRAFFIC DEPARTMENT DAILY TRAFFIC UPDATE FOR 28-08-2026 HELD ON DT: 29-08-2026 A. WORKING VESSELS AS ON 29-08-2026 AT 0600 HRS AFTER MEETING VESSEL SIZE TONNAGENAME OF THE VESSEL/ SA REMARKSD/L DAY'S TOTAL NORM DRAFT LOA BEAM MQ
dtr2910.pdf,6,2025-10-28,2025-10-29,PARADIP PORT AUTHORITY TRAFFIC DEPARTMENT DAILY TRAFFIC UPDATE FOR 28-10-2025 HELD ON DT: 29-10-2025 A. WORKING VESSELS AS ON 29-10-2025 AT 0600 HRS AFTER MEETING VESSEL SIZE TONNAGENAME OF THE VESSEL/ SA REMARKSD/L DAY'S TOTAL NORM DRAFT LOA BEAM MQ
dtr3006.pdf,7,2026-06-29,2026-06-30,PARADIP PORT AUTHORITY TRAFFIC DEPARTMENT DAILY TRAFFIC UPDATE FOR 29-06-2026 HELD ON DT: 30-06-2026 A. WORKING VESSELS AS ON 30-06-2026 AT 0600 HRS AFTER MEETING VESSEL SIZE TONNAGENAME OF THE VESSEL/ SA REMARKSD/L DAY'S TOTAL NORM DRAFT LOA BEAM MQ
dtr3007-2.pdf,6,2026-07-29,2026-07-30,PARADIP PORT AUTHORITY TRAFFIC DEPARTMENT DAILY TRAFFIC UPDATE FOR 29-07-2026 HELD ON DT: 30-07-2026 A. WORKING VESSELS AS ON 30-07-2026 AT 0600 HRS AFTER MEETING VESSEL SIZE TONNAGENAME OF THE VESSEL/ SA REMARKSD/L DAY'S TOTAL NORM DRAFT LOA BEAM MQ
dtr3008.pdf,6,2026-08-29,2026-08-30,PARADIP PORT AUTHORITY TRAFFIC DEPARTMENT DAILY TRAFFIC UPDATE FOR 29-08-2026 HELD ON DT: 30-08-2026 A. WORKING VESSELS AS ON 30-08-2026 AT 0600 HRS AFTER MEETING VESSEL SIZE TONNAGENAME OF THE VESSEL/ SA REMARKSD/L DAY'S TOTAL NORM DRAFT LOA BEAM MQ
dtr3010.pdf,7,2025-10-29,2025-10-30,PARADIP PORT AUTHORITY TRAFFIC DEPARTMENT DAILY TRAFFIC UPDATE FOR 29-10-2025 HELD ON DT: 30-10-2025 A. WORKING VESSELS AS ON 30-10-2025 AT 0600 HRS AFTER MEETING VESSEL SIZE TONNAGENAME OF THE VESSEL/ SA REMARKSD/L DAY'S TOTAL NORM DRAFT LOA BEAM MQ
dtr3107.pdf,6,2026-07-30,2026-07-31,PARADIP PORT AUTHORITY TRAFFIC DEPARTMENT DAILY TRAFFIC UPDATE FOR 30-07-2026 HELD ON DT: 31-07-2026 A. WORKING VESSELS AS ON 31-07-2026 AT 0600 HRS AFTER MEETING VESSEL SIZE TONNAGENAME OF THE VESSEL/ SA REMARKSD/L DAY'S TOTAL NORM DRAFT LOA BEAM MQ
dtr3108.pdf,6,2026-08-30,2026-08-31,PARADIP PORT AUTHORITY TRAFFIC DEPARTMENT DAILY TRAFFIC UPDATE FOR 30-08-2026 HELD ON DT: 31-08-2026 A. WORKING VESSELS AS ON 31-08-2026 AT 0600 HRS AFTER MEETING VESSEL SIZE TONNAGENAME OF THE VESSEL/ SA REMARKSD/L DAY'S TOTAL NORM DRAFT LOA BEAM MQ
dtr3110.pdf,7,2025-10-30,2025-10-31,PARADIP PORT AUTHORITY TRAFFIC DEPARTMENT DAILY TRAFFIC UPDATE FOR 30-10-2025 HELD ON DT: 31-10-2025 A. WORKING VESSELS AS ON 31-10-2025 AT 0600 HRS AFTER MEETING VESSEL SIZE TONNAGENAME OF THE VESSEL/ SA REMARKSD/L DAY'S TOTAL NORM DRAFT LOA BEAM MQ
